x, y, length, r, ctrl
-1.469, 1.573, 0.000, 5000.000, 0.000
-0.712, 2.494, 1.193, 5000.000, 0.000
0.048, 3.413, 2.385, 5000.000, 0.000
0.810, 4.328, 3.576, 5000.000, 0.000
1.577, 5.240, 4.767, 5000.000, 0.000
2.346, 6.148, 5.957, 5000.000, 0.000
3.118, 7.054, 7.147, 5000.000, 0.000
3.893, 7.956, 8.336, 5000.000, 0.000
4.671, 8.855, 9.525, 5000.000, 0.000
5.452, 9.750, 10.714, 5000.000, 0.000
6.237, 10.643, 11.901, 5000.000, 0.000
7.024, 11.532, 13.089, 5000.000, 0.000
7.814, 12.418, 14.276, 5000.000, 0.000
8.608, 13.300, 15.462, 5000.000, 0.000
9.404, 14.180, 16.648, 5000.000, 0.000
10.685, 15.406, 18.414, 5000.000, 0.000
11.509, 16.256, 19.597, 5000.000, 0.000
12.297, 17.144, 20.784, 5000.000, 0.000
13.085, 18.033, 21.972, 5000.000, 0.000
13.872, 18.922, 23.159, 5000.000, 0.000
14.660, 19.811, 24.347, 5000.000, 0.000
15.450, 20.697, 25.534, 5000.000, 0.000
16.242, 21.580, 26.721, 5000.000, 0.000
17.038, 22.460, 27.907, 5000.000, 0.000
17.839, 23.335, 29.093, 5000.000, 0.000
18.693, 24.153, 30.274, 5000.000, 0.000
19.567, 24.949, 31.454, 5000.000, 0.000
20.464, 25.721, 32.634, 5000.000, 0.000
21.338, 26.517, 33.816, 5000.000, 0.000
22.223, 27.301, 34.997, 5000.000, 0.000
23.121, 28.072, 36.179, 5000.000, 0.000
23.985, 28.879, 37.361, 5000.000, 0.000
24.849, 29.686, 38.544, 5000.000, 0.000
25.713, 30.493, 39.726, 5000.000, 0.000
26.577, 31.300, 40.908, 5000.000, 0.000
27.440, 32.108, 42.090, 5000.000, 0.000
28.304, 32.915, 43.273, 5000.000, 0.000
29.168, 33.722, 44.455, 5000.000, 0.000
30.032, 34.529, 45.637, 5000.000, 0.000
30.896, 35.336, 46.819, 5000.000, 0.000
31.760, 36.143, 48.002, 5000.000, 0.000
32.658, 36.914, 49.184, 5000.000, 0.000
33.543, 37.698, 50.366, 5000.000, 0.000
34.417, 38.495, 51.548, 5000.000, 0.000
35.280, 39.303, 52.731, 5000.000, 0.000
36.133, 40.122, 53.913, 5000.000, 0.000
36.977, 40.950, 55.096, 5000.000, 0.000
37.812, 41.787, 56.279, 5000.000, 0.000
38.641, 42.632, 57.462, 5000.000, 0.000
39.463, 43.484, 58.645, 5000.000, 0.000
40.280, 44.341, 59.829, 5000.000, 0.000
41.093, 45.204, 61.014, 5000.000, 0.000
41.901, 46.070, 62.198, 5000.000, 0.000
42.707, 46.939, 63.383, 5000.000, 0.000
43.512, 47.810, 64.568, 5000.000, 0.000
44.315, 48.681, 65.754, 5000.000, 0.000
45.118, 49.553, 66.939, 5000.000, 0.000
45.923, 50.424, 68.124, 5000.000, 0.000
46.729, 51.293, 69.309, 5000.000, 0.000
47.538, 52.159, 70.494, 5000.000, 0.000
48.350, 53.022, 71.679, 5000.000, 0.000
49.167, 53.879, 72.863, 5000.000, 0.000
49.989, 54.731, 74.047, 5000.000, 0.000
50.818, 55.576, 75.230, 5000.000, 0.000
51.688, 56.376, 76.410, 5000.000, 0.000
52.553, 57.182, 77.591, 5000.000, 0.000
53.416, 57.990, 78.772, 5000.000, 0.000
54.277, 58.800, 79.954, 5000.000, 0.000
55.140, 59.608, 81.136, 5000.000, 0.000
56.005, 60.414, 82.318, 5000.000, 0.000
56.875, 61.214, 83.501, 5000.000, 0.000
57.704, 62.059, 84.683, 5000.000, 0.000
58.526, 62.911, 85.866, 5000.000, 0.000
59.343, 63.768, 87.049, 5000.000, 0.000
60.155, 64.631, 88.233, 5000.000, 0.000
60.964, 65.497, 89.417, 5000.000, 0.000
61.770, 66.366, 90.602, 5000.000, 0.000
62.575, 67.237, 91.786, 5000.000, 0.000
63.378, 68.109, 92.971, 5000.000, 0.000
64.181, 68.980, 94.156, 5000.000, 0.000
64.986, 69.851, 95.341, 5000.000, 0.000
65.792, 70.720, 96.526, 5000.000, 0.000
66.600, 71.586, 97.711, 5000.000, 0.000
67.413, 72.449, 98.895, 5000.000, 0.000
68.230, 73.306, 100.080, 5000.000, 0.000
69.052, 74.158, 101.264, 5000.000, 0.000
69.881, 75.003, 102.447, 5000.000, 0.000
70.716, 75.840, 103.630, 5000.000, 0.000
71.560, 76.668, 104.812, 5000.000, 0.000
72.413, 77.487, 105.994, 5000.000, 0.000
73.276, 78.295, 107.177, 5000.000, 0.000
74.150, 79.092, 108.359, 5000.000, 0.000
75.035, 79.876, 109.541, 5000.000, 0.000
75.933, 80.647, 110.724, 5000.000, 0.000
76.797, 81.454, 111.906, 5000.000, 0.000
77.661, 82.261, 113.088, 5000.000, 0.000
78.559, 83.032, 114.271, 5000.000, 0.000
79.444, 83.816, 115.454, 5000.000, 0.000
80.318, 84.613, 116.636, 5000.000, 0.000
81.181, 85.421, 117.818, 5000.000, 0.000
82.034, 86.240, 119.000, 5000.000, 0.000
82.877, 87.068, 120.182, 5000.000, 0.000
83.713, 87.905, 121.364, 5000.000, 0.000
84.542, 88.750, 122.546, 5000.000, 0.000
85.364, 89.602, 123.728, 5000.000, 0.000
86.181, 90.459, 124.911, 5000.000, 0.000
86.993, 91.322, 126.093, 5000.000, 0.000
87.802, 92.188, 127.276, 5000.000, 0.000
88.608, 93.057, 128.460, 5000.000, 0.000
89.413, 93.928, 129.643, 5000.000, 0.000
90.216, 94.800, 130.827, 5000.000, 0.000
91.019, 95.671, 132.012, 5000.000, 0.000
91.824, 96.542, 133.198, 5000.000, 0.000
92.630, 97.411, 134.383, 5000.000, 0.000
93.438, 98.277, 135.568, 5000.000, 0.000
94.251, 99.140, 136.753, 5000.000, 0.000
95.068, 99.997, 137.937, 5000.000, 0.000
95.890, 100.849, 139.121, 5000.000, 0.000
96.719, 101.694, 140.304, 5000.000, 0.000
97.554, 102.531, 141.486, 5000.000, 0.000
98.398, 103.359, 142.668, 5000.000, 0.000
99.251, 104.178, 143.850, 5000.000, 0.000
100.114, 104.986, 145.031, 5000.000, 0.000
100.988, 105.783, 146.211, 5000.000, 0.000
101.873, 106.567, 147.391, 5000.000, 0.000
102.771, 107.338, 148.571, 5000.000, 0.000
103.635, 108.145, 149.752, 5000.000, 0.000
104.499, 108.952, 150.934, 5000.000, 0.000
105.363, 109.759, 152.116, 5000.000, 0.000
106.227, 110.566, 153.298, 5000.000, 0.000
107.091, 111.373, 154.480, 5000.000, 0.000
107.955, 112.181, 155.661, 5000.000, 0.000
108.818, 112.988, 156.843, 5000.000, 0.000
109.682, 113.795, 158.026, 5000.000, 0.000
110.546, 114.602, 159.208, 5000.000, 0.000
111.410, 115.409, 160.390, 5000.000, 0.000
112.274, 116.216, 161.572, 5000.000, 0.000
113.138, 117.023, 162.755, 5000.000, 0.000
114.002, 117.830, 163.937, 5000.000, 0.000
114.866, 118.637, 165.119, 5000.000, 0.000
115.730, 119.444, 166.301, 5000.000, 0.000
116.628, 120.215, 167.484, 5000.000, 0.000
117.513, 120.999, 168.666, 5000.000, 0.000
118.387, 121.796, 169.849, 5000.000, 0.000
119.250, 122.604, 171.031, 5000.000, 0.000
120.102, 123.423, 172.213, 5000.000, 0.000
120.946, 124.251, 173.395, 5000.000, 0.000
121.782, 125.089, 174.577, 5000.000, 0.000
122.611, 125.934, 175.760, 5000.000, 0.000
123.433, 126.785, 176.942, 5000.000, 0.000
124.250, 127.643, 178.125, 5000.000, 0.000
125.062, 128.505, 179.308, 5000.000, 0.000
125.871, 129.371, 180.491, 5000.000, 0.000
126.677, 130.240, 181.674, 5000.000, 0.000
127.481, 131.111, 182.858, 5000.000, 0.000
128.285, 131.983, 184.044, 5000.000, 0.000
129.088, 132.855, 185.229, 5000.000, 0.000
129.892, 133.726, 186.415, 5000.000, 0.000
130.733, 134.558, 187.597, 5000.000, 0.000
131.563, 135.401, 188.780, 5000.000, 0.000
132.385, 136.253, 189.963, 5000.000, 0.000
133.167, 137.148, 191.151, 5000.000, 0.000
133.957, 138.035, 192.338, 5000.000, 0.000
134.755, 138.911, 193.524, 5000.000, 0.000
135.598, 139.741, 194.705, 5000.000, 0.000
136.439, 140.572, 195.887, 5000.000, 0.000
137.280, 141.404, 197.070, 5000.000, 0.000
138.123, 142.234, 198.252, 5000.000, 0.000
138.970, 143.060, 199.434, 5000.000, 0.000
139.821, 143.880, 200.615, 5000.000, 0.000
140.681, 144.692, 201.796, 5000.000, 0.000
141.501, 145.545, 202.980, 5000.000, 0.000
142.318, 146.403, 204.164, 5000.000, 0.000
143.132, 147.263, 205.349, 5000.000, 0.000
143.944, 148.125, 206.533, 5000.000, 0.000
144.756, 148.989, 207.718, 5000.000, 0.000
145.567, 149.852, 208.903, 5000.000, 0.000
146.380, 150.714, 210.087, 5000.000, 0.000
147.194, 151.574, 211.272, 5000.000, 0.000
148.011, 152.432, 212.456, 5000.000, 0.000
148.831, 153.285, 213.640, 5000.000, 0.000
149.656, 154.134, 214.824, 5000.000, 0.000
150.487, 154.977, 216.007, 5000.000, 0.000
151.323, 155.813, 217.190, 5000.000, 0.000
152.167, 156.642, 218.372, 5000.000, 0.000
153.019, 157.462, 219.554, 5000.000, 0.000
153.880, 158.272, 220.735, 5000.000, 0.000
154.751, 159.071, 221.916, 5000.000, 0.000
155.586, 159.910, 223.099, 5000.000, 0.000
156.417, 160.752, 224.282, 5000.000, 0.000
157.246, 161.597, 225.466, 5000.000, 0.000
158.119, 162.393, 226.647, 5000.000, 0.000
159.005, 163.178, 227.827, 5000.000, 0.000
159.903, 163.948, 229.008, 5000.000, 0.000
160.767, 164.755, 230.190, 5000.000, 0.000
161.631, 165.562, 231.372, 5000.000, 0.000
162.495, 166.370, 232.554, 5000.000, 0.000
163.358, 167.177, 233.736, 5000.000, 0.000
164.222, 167.984, 234.918, 5000.000, 0.000
165.086, 168.791, 236.100, 5000.000, 0.000
165.950, 169.598, 237.282, 5000.000, 0.000
166.814, 170.405, 238.464, 5000.000, 0.000
167.678, 171.212, 239.647, 5000.000, 0.000
168.542, 172.019, 240.829, 5000.000, 0.000
169.406, 172.826, 242.011, 5000.000, 0.000
170.270, 173.633, 243.193, 5000.000, 0.000
171.134, 174.441, 244.376, 5000.000, 0.000
171.998, 175.248, 245.558, 5000.000, 0.000
172.861, 176.055, 246.740, 5000.000, 0.000
173.725, 176.862, 247.922, 5000.000, 0.000
174.589, 177.669, 249.105, 5000.000, 0.000
175.487, 178.440, 250.287, 5000.000, 0.000
176.373, 179.224, 251.469, 5000.000, 0.000
177.246, 180.020, 252.652, 5000.000, 0.000
178.109, 180.829, 253.834, 5000.000, 0.000
178.962, 181.648, 255.016, 5000.000, 0.000
179.806, 182.476, 256.198, 5000.000, 0.000
180.642, 183.313, 257.381, 5000.000, 0.000
181.470, 184.158, 258.563, 5000.000, 0.000
182.293, 185.010, 259.745, 5000.000, 0.000
183.109, 185.867, 260.928, 5000.000, 0.000
183.922, 186.729, 262.113, 5000.000, 0.000
184.731, 187.596, 263.298, 5000.000, 0.000
185.537, 188.465, 264.483, 5000.000, 0.000
186.341, 189.335, 265.668, 5000.000, 0.000
187.144, 190.207, 266.854, 5000.000, 0.000
187.948, 191.079, 268.039, 5000.000, 0.000
188.752, 191.950, 269.225, 5000.000, 0.000
189.558, 192.819, 270.410, 5000.000, 0.000
190.401, 193.649, 271.592, 5000.000, 0.000
191.235, 194.488, 272.774, 5000.000, 0.000
192.061, 195.335, 273.958, 5000.000, 0.000
192.883, 196.188, 275.142, 5000.000, 0.000
193.700, 197.045, 276.326, 5000.000, 0.000
194.516, 197.903, 277.510, 5000.000, 0.000
195.332, 198.762, 278.695, 5000.000, 0.000
196.149, 199.618, 279.879, 5000.000, 0.000
196.971, 200.471, 281.063, 5000.000, 0.000
197.797, 201.318, 282.246, 5000.000, 0.000
198.631, 202.158, 283.429, 5000.000, 0.000
199.474, 202.987, 284.611, 5000.000, 0.000
200.280, 203.856, 285.796, 5000.000, 0.000
201.084, 204.727, 286.982, 5000.000, 0.000
201.888, 205.599, 288.167, 5000.000, 0.000
202.691, 206.471, 289.353, 5000.000, 0.000
203.495, 207.342, 290.538, 5000.000, 0.000
204.301, 208.211, 291.723, 5000.000, 0.000
205.110, 209.077, 292.908, 5000.000, 0.000
205.923, 209.939, 294.093, 5000.000, 0.000
206.739, 210.797, 295.277, 5000.000, 0.000
207.562, 211.648, 296.461, 5000.000, 0.000
208.390, 212.493, 297.644, 5000.000, 0.000
209.226, 213.330, 298.827, 5000.000, 0.000
210.070, 214.159, 300.008, 5000.000, 0.000
210.923, 214.978, 301.190, 5000.000, 0.000
211.786, 215.786, 302.370, 5000.000, 0.000
212.659, 216.583, 303.551, 5000.000, 0.000
213.545, 217.367, 304.730, 5000.000, 0.000
214.443, 218.137, 305.910, 5000.000, 0.000
215.307, 218.944, 307.091, 5000.000, 0.000
216.171, 219.752, 308.273, 5000.000, 0.000
217.035, 220.559, 309.455, 5000.000, 0.000
217.898, 221.366, 310.637, 5000.000, 0.000
218.762, 222.173, 311.818, 5000.000, 0.000
219.626, 222.980, 313.000, 5000.000, 0.000
220.490, 223.787, 314.182, 5000.000, 0.000
221.354, 224.594, 315.365, 5000.000, 0.000
222.218, 225.401, 316.547, 5000.000, 0.000
223.082, 226.208, 317.729, 5000.000, 0.000
223.946, 227.015, 318.912, 5000.000, 0.000
224.810, 227.823, 320.094, 5000.000, 0.000
225.674, 228.630, 321.276, 5000.000, 0.000
226.538, 229.437, 322.458, 5000.000, 0.000
227.401, 230.244, 323.641, 5000.000, 0.013
228.299, 231.014, 324.823, 5000.000, 0.037
229.185, 231.799, 326.005, 5000.000, 0.061
230.058, 232.595, 327.188, 5000.000, 0.086
230.921, 233.404, 328.370, 5000.000, 0.110
231.774, 234.222, 329.552, 5000.000, 0.134
232.618, 235.051, 330.734, 5000.000, 0.158
233.454, 235.888, 331.916, 5000.000, 0.182
234.282, 236.733, 333.099, 5000.000, 0.207
235.105, 237.585, 334.281, 5000.000, 0.231
235.922, 238.442, 335.464, 5000.000, 0.255
236.734, 239.304, 336.647, 5000.000, 0.279
237.543, 240.170, 337.830, 5000.000, 0.303
238.349, 241.039, 339.013, 5000.000, 0.328
239.153, 241.910, 340.199, 5000.000, 0.352
239.957, 242.782, 341.384, 5000.000, 0.376
240.760, 243.654, 342.570, 5000.000, 0.400
241.564, 244.525, 343.755, 5000.000, 0.425
242.370, 245.394, 344.941, 5000.000, 0.449
243.179, 246.260, 346.126, 5000.000, 0.473
243.991, 247.122, 347.310, 5000.000, 0.497
244.808, 247.980, 348.495, 5000.000, 0.522
245.631, 248.831, 349.678, 5000.000, 0.546
246.459, 249.676, 350.861, 5000.000, 0.570
247.295, 250.514, 352.044, 5000.000, 0.594
248.139, 251.342, 353.226, 5000.000, 0.618
248.992, 252.161, 354.407, 5000.000, 0.643
249.889, 252.933, 355.585, 5000.000, 0.667
250.784, 253.706, 356.764, 5000.000, 0.691
251.679, 254.480, 357.943, 5000.000, 0.715
252.576, 255.252, 359.123, 5000.000, 0.739
253.429, 256.071, 360.305, 5000.000, 0.763
254.273, 256.899, 361.488, 5000.000, 0.788
255.108, 257.736, 362.671, 5000.000, 0.812
255.937, 258.581, 363.854, 5000.000, 0.836
256.759, 259.433, 365.038, 5000.000, 0.860
257.576, 260.290, 366.222, 5000.000, 0.884
258.389, 261.153, 367.407, 5000.000, 0.909
259.197, 262.019, 368.592, 5000.000, 0.933
260.003, 262.888, 369.777, 5000.000, 0.957
260.808, 263.759, 370.962, 5000.000, 0.981
261.611, 264.631, 372.148, 5000.000, 1.006
262.414, 265.503, 373.333, 5000.000, 1.030
263.219, 266.373, 374.519, 5000.000, 1.054
264.025, 267.242, 375.704, 5000.000, 1.078
264.834, 268.109, 376.889, 5000.000, 1.103
265.646, 268.971, 378.074, 5000.000, 1.127
266.463, 269.828, 379.258, 5000.000, 1.151
267.285, 270.680, 380.442, 5000.000, 1.175
268.114, 271.525, 381.625, 5000.000, 1.200
268.950, 272.362, 382.807, 5000.000, 1.224
269.794, 273.190, 383.989, 5000.000, 1.248
270.612, 274.046, 385.173, 5000.000, 1.272
271.454, 274.877, 386.355, 5000.000, 1.296
272.352, 275.648, 387.533, 5000.000, 1.321
273.260, 276.408, 388.710, 5000.000, 1.345
274.178, 277.156, 389.888, 5000.000, 1.369
275.061, 277.943, 391.068, 5000.000, 1.393
275.942, 278.732, 392.250, 5000.000, 1.417
276.821, 279.522, 393.433, 5000.000, 1.441
277.699, 280.315, 394.615, 5000.000, 1.465
278.574, 281.110, 395.798, 5000.000, 1.490
279.448, 281.906, 396.980, 5000.000, 1.514
280.320, 282.705, 398.162, 5000.000, 1.538
281.190, 283.505, 399.345, 5000.000, 1.562
282.059, 284.307, 400.527, 5000.000, 1.586
282.925, 285.111, 401.709, 5000.000, 1.611
283.790, 285.917, 402.891, 5000.000, 1.635
284.653, 286.726, 404.073, 5000.000, 1.659
285.515, 287.536, 405.256, 5000.000, 1.683
286.374, 288.347, 406.438, 5000.000, 1.707
287.232, 289.161, 407.620, 5000.000, 1.732
288.087, 289.977, 408.802, 5000.000, 1.756
288.941, 290.795, 409.984, 5000.000, 1.780
289.828, 291.578, 411.167, 5000.000, 1.804
290.699, 292.377, 412.349, 5000.000, 1.828
291.558, 293.190, 413.531, 5000.000, 1.853
292.403, 294.016, 414.713, 5000.000, 1.877
293.237, 294.855, 415.895, 5000.000, 1.901
294.061, 295.706, 417.078, 5000.000, 1.925
294.874, 296.567, 418.262, 5000.000, 1.949
295.678, 297.438, 419.448, 5000.000, 1.974
296.522, 298.267, 420.630, 5000.000, 1.998
297.373, 299.088, 421.811, 5000.000, 2.022
298.185, 299.950, 422.996, 5000.000, 2.046
298.994, 300.816, 424.181, 5000.000, 2.070
299.800, 301.685, 425.366, 5000.000, 2.095
300.604, 302.556, 426.551, 5000.000, 2.119
301.408, 303.428, 427.737, 5000.000, 2.143
302.211, 304.300, 428.922, 5000.000, 2.167
303.015, 305.171, 430.107, 5000.000, 2.192
303.822, 306.040, 431.293, 5000.000, 2.216
304.630, 306.906, 432.478, 5000.000, 2.240
305.443, 307.768, 433.662, 5000.000, 2.264
306.260, 308.626, 434.847, 5000.000, 2.289
307.082, 309.477, 436.030, 5000.000, 2.313
307.910, 310.322, 437.214, 5000.000, 2.337
308.746, 311.159, 438.396, 5000.000, 2.361
309.590, 311.988, 439.578, 5000.000, 2.386
310.443, 312.807, 440.759, 5000.000, 2.410
311.306, 313.615, 441.940, 5000.000, 2.434
312.180, 314.412, 443.120, 5000.000, 2.458
313.065, 315.196, 444.303, 5000.000, 2.482
313.963, 315.966, 445.486, 5000.000, 2.506
314.827, 316.774, 446.668, 5000.000, 2.531
315.691, 317.581, 447.850, 5000.000, 2.555
316.555, 318.388, 449.032, 5000.000, 2.579
317.419, 319.195, 450.214, 5000.000, 2.603
318.282, 320.002, 451.396, 5000.000, 2.627
319.146, 320.809, 452.578, 5000.000, 2.652
320.010, 321.616, 453.761, 5000.000, 2.676
320.874, 322.423, 454.943, 5000.000, 2.700
321.772, 323.194, 456.125, 5000.000, 2.724
322.658, 323.978, 457.308, 5000.000, 2.748
323.531, 324.775, 458.490, 5000.000, 2.773
324.394, 325.583, 459.673, 5000.000, 2.797
325.247, 326.402, 460.855, 5000.000, 2.821
326.091, 327.230, 462.037, 5000.000, 2.845
326.927, 328.067, 463.219, 5000.000, 2.869
327.755, 328.912, 464.401, 5000.000, 2.893
328.578, 329.764, 465.583, 5000.000, 2.918
329.394, 330.621, 466.765, 5000.000, 2.942
330.207, 331.484, 467.948, 5000.000, 2.966
331.016, 332.350, 469.131, 5000.000, 2.990
331.822, 333.219, 470.316, 5000.000, 3.014
332.626, 334.090, 471.502, 5000.000, 3.039
333.429, 334.962, 472.687, 5000.000, 3.063
334.233, 335.834, 473.873, 5000.000, 3.087
335.037, 336.704, 475.058, 5000.000, 3.112
335.843, 337.573, 476.244, 5000.000, 3.136
336.652, 338.440, 477.429, 5000.000, 3.160
337.464, 339.302, 478.613, 5000.000, 3.184
338.281, 340.159, 479.797, 5000.000, 3.209
339.103, 341.011, 480.981, 5000.000, 3.233
339.932, 341.856, 482.164, 5000.000, 3.257
340.768, 342.693, 483.347, 5000.000, 3.281
341.612, 343.521, 484.528, 5000.000, 3.305
342.465, 344.340, 485.710, 5000.000, 3.329
343.327, 345.149, 486.890, 5000.000, 3.354
344.201, 345.945, 488.070, 5000.000, 3.378
345.086, 346.729, 489.250, 5000.000, 3.402
345.984, 347.500, 490.429, 5000.000, 3.426
346.848, 348.307, 491.610, 5000.000, 3.450
347.712, 349.114, 492.791, 5000.000, 3.474
348.576, 349.921, 493.973, 5000.000, 3.499
349.440, 350.728, 495.155, 5000.000, 3.523
350.304, 351.535, 496.337, 5000.000, 3.547
351.168, 352.343, 497.519, 5000.000, 3.571
352.032, 353.150, 498.701, 5000.000, 3.595
352.896, 353.957, 499.884, 5000.000, 3.620
353.760, 354.764, 501.066, 5000.000, 3.644
354.624, 355.571, 502.248, 5000.000, 3.668
355.487, 356.378, 503.430, 5000.000, 3.692
356.351, 357.185, 504.613, 5000.000, 3.716
357.249, 357.956, 505.795, 5000.000, 3.740
358.135, 358.740, 506.978, 5000.000, 3.765
359.008, 359.537, 508.160, 5000.000, 3.789
359.871, 360.345, 509.342, 5000.000, 3.813
360.724, 361.164, 510.524, 5000.000, 3.837
361.568, 361.992, 511.706, 5000.000, 3.861
362.404, 362.829, 512.889, 5000.000, 3.886
363.232, 363.674, 514.071, 5000.000, 3.910
364.055, 364.526, 515.253, 5000.000, 3.934
364.872, 365.383, 516.436, 5000.000, 3.958
365.684, 366.246, 517.619, 5000.000, 3.982
366.493, 367.112, 518.802, 5000.000, 4.007
367.299, 367.981, 519.986, 5000.000, 4.031
368.103, 368.852, 521.169, 5000.000, 4.055
368.906, 369.724, 522.355, 5000.000, 4.079
369.710, 370.595, 523.540, 5000.000, 4.104
370.514, 371.466, 524.726, 5000.000, 4.128
371.320, 372.335, 525.911, 5000.000, 4.152
372.129, 373.201, 527.096, 5000.000, 4.176
372.941, 374.064, 528.281, 5000.000, 4.201
373.758, 374.921, 529.465, 5000.000, 4.225
374.581, 375.773, 530.649, 5000.000, 4.249
375.409, 376.618, 531.832, 5000.000, 4.273
376.245, 377.455, 533.014, 5000.000, 4.297
377.089, 378.283, 534.196, 5000.000, 4.322
377.942, 379.102, 535.378, 5000.000, 4.346
378.805, 379.910, 536.558, 5000.000, 4.370
379.678, 380.707, 537.738, 5000.000, 4.394
380.564, 381.491, 538.918, 5000.000, 4.418
381.462, 382.262, 540.098, 5000.000, 4.442
382.325, 383.069, 541.279, 5000.000, 4.467
383.189, 383.876, 542.461, 5000.000, 4.491
384.053, 384.683, 543.643, 5000.000, 4.515
384.917, 385.490, 544.824, 5000.000, 4.539
385.781, 386.297, 546.006, 5000.000, 4.563
386.645, 387.105, 547.188, 5000.000, 4.588
387.509, 387.912, 548.370, 5000.000, 4.612
388.373, 388.719, 549.552, 5000.000, 4.636
389.271, 389.489, 550.735, 5000.000, 4.660
390.156, 390.274, 551.918, 5000.000, 4.684
391.030, 391.070, 553.100, 5000.000, 4.708
391.893, 391.878, 554.282, 5000.000, 4.733
392.746, 392.697, 555.464, 5000.000, 4.757
393.589, 393.526, 556.646, 5000.000, 4.781
394.425, 394.363, 557.828, 5000.000, 4.805
395.254, 395.208, 559.011, 5000.000, 4.829
396.076, 396.060, 560.193, 5000.000, 4.854
396.893, 396.917, 561.376, 5000.000, 4.878
397.705, 397.779, 562.559, 5000.000, 4.902
398.514, 398.645, 563.743, 5000.000, 4.926
399.320, 399.514, 564.927, 5000.000, 4.950
400.125, 400.385, 566.111, 5000.000, 4.975
400.928, 401.257, 567.295, 5000.000, 4.999
401.731, 402.129, 568.480, 5000.000, 5.023
402.536, 403.000, 569.664, 5000.000, 5.047
403.342, 403.869, 570.849, 5000.000, 5.072
404.150, 404.735, 572.033, 5000.000, 5.096
404.963, 405.597, 573.217, 5000.000, 5.120
405.780, 406.455, 574.402, 5000.000, 5.144
406.602, 407.306, 575.585, 5000.000, 5.169
407.431, 408.151, 576.769, 5000.000, 5.193
408.266, 408.988, 577.952, 5000.000, 5.217
409.110, 409.817, 579.134, 5000.000, 5.241
409.963, 410.636, 580.316, 5000.000, 5.265
410.826, 411.444, 581.497, 5000.000, 5.290
411.700, 412.241, 582.679, 5000.000, 5.314
412.585, 413.025, 583.860, 5000.000, 5.338
413.483, 413.796, 585.041, 5000.000, 5.362
414.347, 414.603, 586.223, 5000.000, 5.386
415.211, 415.410, 587.405, 5000.000, 5.410
416.075, 416.217, 588.588, 5000.000, 5.435
416.939, 417.024, 589.770, 5000.000, 5.459
417.803, 417.831, 590.952, 5000.000, 5.483
418.667, 418.638, 592.134, 5000.000, 5.507
419.530, 419.445, 593.316, 5000.000, 5.531
420.394, 420.252, 594.499, 5000.000, 5.556
421.258, 421.059, 595.681, 5000.000, 5.580
422.122, 421.866, 596.863, 5000.000, 5.604
423.020, 422.637, 598.045, 5000.000, 5.628
423.905, 423.421, 599.227, 5000.000, 5.652
424.779, 424.218, 600.410, 5000.000, 5.677
425.642, 425.026, 601.592, 5000.000, 5.701
426.495, 425.845, 602.774, 5000.000, 5.725
427.339, 426.674, 603.956, 5000.000, 5.749
428.175, 427.511, 605.139, 5000.000, 5.773
429.003, 428.356, 606.322, 5000.000, 5.798
429.825, 429.207, 607.505, 5000.000, 5.822
430.642, 430.065, 608.689, 5000.000, 5.846
431.455, 430.927, 609.873, 5000.000, 5.870
432.264, 431.793, 611.057, 5000.000, 5.894
433.070, 432.662, 612.242, 5000.000, 5.919
433.874, 433.533, 613.426, 5000.000, 5.943
434.677, 434.405, 614.611, 5000.000, 5.967
435.481, 435.277, 615.796, 5000.000, 5.991
436.285, 436.148, 616.981, 5000.000, 6.016
437.091, 437.017, 618.166, 5000.000, 6.040
437.900, 437.883, 619.351, 5000.000, 6.064
438.712, 438.745, 620.536, 5000.000, 6.088
439.529, 439.602, 621.720, 5000.000, 6.113
440.351, 440.454, 622.904, 5000.000, 6.137
441.180, 441.299, 624.087, 5000.000, 6.161
442.016, 442.136, 625.270, 5000.000, 6.185
442.860, 442.965, 626.453, 5000.000, 6.209
443.713, 443.784, 627.635, 5000.000, 6.234
444.575, 444.592, 628.817, 5000.000, 6.258
445.449, 445.388, 629.999, 5000.000, 6.282
446.334, 446.173, 631.181, 5000.000, 6.306
447.232, 446.943, 632.364, 5000.000, 6.330
448.096, 447.750, 633.546, 5000.000, 6.355
448.960, 448.557, 634.728, 5000.000, 6.379
449.824, 449.365, 635.911, 5000.000, 6.403
450.688, 450.172, 637.093, 5000.000, 6.427
451.552, 450.979, 638.275, 5000.000, 6.451
452.416, 451.786, 639.457, 5000.000, 6.476
453.280, 452.593, 640.640, 5000.000, 6.500
454.144, 453.400, 641.822, 5000.000, 6.524
455.008, 454.207, 643.004, 5000.000, 6.548
455.871, 455.014, 644.186, 5000.000, 6.572
456.735, 455.821, 645.369, 5000.000, 6.597
457.599, 456.628, 646.551, 5000.000, 6.621
458.463, 457.436, 647.733, 5000.000, 6.645
459.327, 458.243, 648.915, 5000.000, 6.669
460.191, 459.050, 650.098, 5000.000, 6.693
461.089, 459.820, 651.280, 5000.000, 6.718
461.974, 460.605, 652.463, 5000.000, 6.742
462.848, 461.401, 653.645, 5000.000, 6.766
463.711, 462.209, 654.827, 5000.000, 6.790
464.564, 463.028, 656.009, 5000.000, 6.814
465.408, 463.857, 657.191, 5000.000, 6.838
466.243, 464.694, 658.374, 5000.000, 6.863
467.072, 465.539, 659.556, 5000.000, 6.887
467.894, 466.391, 660.739, 5000.000, 6.911
468.711, 467.248, 661.923, 5000.000, 6.935
469.524, 468.110, 663.106, 5000.000, 6.960
470.332, 468.976, 664.290, 5000.000, 6.984
471.138, 469.845, 665.475, 5000.000, 7.008
471.943, 470.716, 666.659, 5000.000, 7.032
472.746, 471.588, 667.844, 5000.000, 7.056
473.550, 472.460, 669.029, 5000.000, 7.081
474.354, 473.331, 670.214, 5000.000, 7.105
475.160, 474.200, 671.399, 5000.000, 7.129
475.969, 475.066, 672.583, 5000.000, 7.153
476.781, 475.928, 673.768, 5000.000, 7.178
477.598, 476.786, 674.952, 5000.000, 7.202
478.420, 477.637, 676.136, 5000.000, 7.226
479.249, 478.482, 677.319, 5000.000, 7.250
480.085, 479.319, 678.502, 5000.000, 7.275
480.929, 480.148, 679.685, 5000.000, 7.299
481.781, 480.967, 680.867, 5000.000, 7.323
482.644, 481.775, 682.049, 5000.000, 7.347
483.518, 482.572, 683.231, 5000.000, 7.371
484.403, 483.356, 684.413, 5000.000, 7.396
485.301, 484.127, 685.595, 5000.000, 7.420
486.165, 484.934, 686.777, 5000.000, 7.444
487.029, 485.741, 687.960, 5000.000, 7.468
487.893, 486.548, 689.142, 5000.000, 7.492
488.757, 487.355, 690.324, 5000.000, 7.516
489.621, 488.162, 691.506, 5000.000, 7.541
490.485, 488.969, 692.689, 5000.000, 7.565
491.349, 489.776, 693.871, 5000.000, 7.589
492.213, 490.583, 695.053, 5000.000, 7.613
493.076, 491.390, 696.236, 5000.000, 7.637
493.940, 492.197, 697.418, 5000.000, 7.662
494.804, 493.005, 698.600, 5000.000, 7.686
495.668, 493.812, 699.782, 5000.000, 7.710
496.532, 494.619, 700.965, 5000.000, 7.734
497.396, 495.426, 702.147, 5000.000, 7.758
498.260, 496.233, 703.329, 5000.000, 7.783
499.124, 497.040, 704.511, 4995.642, 7.807
499.988, 497.847, 705.694, 4986.145, 7.831
500.852, 498.654, 706.876, 4974.377, 7.855
501.716, 499.461, 708.058, 4960.437, 7.879
502.579, 500.268, 709.240, 4944.526, 7.904
503.443, 501.076, 710.423, 4926.383, 7.928
504.307, 501.883, 711.605, 4907.247, 7.952
505.171, 502.690, 712.787, 4886.968, 7.976
506.035, 503.497, 713.969, 4865.053, 8.000
506.899, 504.304, 715.152, 4840.328, 8.025
507.763, 505.111, 716.334, 4811.878, 8.049
508.627, 505.918, 717.516, 4781.480, 8.073
509.491, 506.725, 718.699, 4750.417, 8.097
510.355, 507.532, 719.881, 4719.212, 8.121
511.219, 508.339, 721.063, 4687.832, 8.145
512.082, 509.146, 722.245, 4656.159, 8.170
512.946, 509.954, 723.428, 4624.804, 8.194
513.810, 510.761, 724.610, 4593.787, 8.218
514.674, 511.568, 725.792, 4563.004, 8.242
515.538, 512.375, 726.974, 4531.339, 8.266
516.402, 513.182, 728.157, 4498.751, 8.291
517.266, 513.989, 729.339, 4465.798, 8.315
518.130, 514.796, 730.521, 4434.121, 8.339
518.994, 515.603, 731.703, 4404.239, 8.363
519.858, 516.410, 732.886, 4376.293, 8.387
520.722, 517.217, 734.068, 4348.901, 8.412
521.585, 518.025, 735.250, 4322.136, 8.436
522.449, 518.832, 736.432, 4295.961, 8.460
523.313, 519.639, 737.615, 4270.402, 8.484
524.177, 520.446, 738.797, 4244.875, 8.508
525.041, 521.253, 739.979, 4220.919, 8.533
525.905, 522.060, 741.162, 4198.659, 8.557
526.769, 522.867, 742.344, 4177.528, 8.581
527.633, 523.674, 743.526, 4157.979, 8.605
528.497, 524.481, 744.708, 4139.673, 8.629
529.361, 525.288, 745.891, 4122.384, 8.654
530.225, 526.096, 747.073, 4105.043, 8.678
531.088, 526.903, 748.255, 4087.285, 8.702
531.952, 527.710, 749.437, 4069.075, 8.726
532.816, 528.517, 750.620, 4050.606, 8.750
533.680, 529.324, 751.802, 4032.162, 8.774
534.544, 530.131, 752.984, 4013.914, 8.799
535.408, 530.938, 754.166, 3995.559, 8.823
536.272, 531.745, 755.349, 3977.184, 8.847
537.136, 532.552, 756.531, 3958.623, 8.871
538.000, 533.359, 757.713, 3940.717, 8.895
538.864, 534.166, 758.895, 3922.456, 8.920
539.728, 534.974, 760.078, 3903.033, 8.944
540.591, 535.781, 761.260, 3882.269, 8.968
541.455, 536.588, 762.442, 3860.404, 8.992
542.319, 537.395, 763.624, 3837.891, 9.016
543.183, 538.202, 764.807, 3816.084, 9.041
544.047, 539.009, 765.989, 3793.717, 9.065
544.911, 539.816, 767.171, 3771.665, 9.089
545.775, 540.623, 768.354, 3749.949, 9.113
546.639, 541.430, 769.536, 3728.756, 9.137
547.503, 542.237, 770.718, 3708.835, 9.162
548.367, 543.045, 771.900, 3689.636, 9.186
549.231, 543.852, 773.083, 3671.328, 9.210
550.095, 544.659, 774.265, 3654.106, 9.234
550.958, 545.466, 775.447, 3637.576, 9.258
551.822, 546.273, 776.629, 3621.940, 9.283
552.686, 547.080, 777.812, 3607.076, 9.307
553.550, 547.887, 778.994, 3592.114, 9.331
554.414, 548.694, 780.176, 3577.442, 9.355
555.278, 549.501, 781.358, 3563.102, 9.379
556.142, 550.308, 782.541, 3549.621, 9.403
557.006, 551.115, 783.723, 3537.799, 9.428
557.870, 551.923, 784.905, 3526.641, 9.452
558.734, 552.730, 786.087, 3516.046, 9.476
559.598, 553.537, 787.270, 3506.632, 9.500
560.461, 554.344, 788.452, 3498.444, 9.524
561.325, 555.151, 789.634, 3491.143, 9.549
562.189, 555.958, 790.817, 3483.657, 9.573
563.053, 556.765, 791.999, 3476.473, 9.597
563.917, 557.572, 793.181, 3468.056, 9.621
564.781, 558.379, 794.363, 3458.631, 9.645
565.611, 559.223, 795.546, 3449.115, 9.670
566.487, 560.017, 796.728, 3439.001, 9.694
567.363, 560.811, 797.910, 3427.920, 9.718
568.238, 561.607, 799.092, 3416.418, 9.742
569.112, 562.403, 800.275, 3404.533, 9.766
569.950, 563.237, 801.457, 3392.283, 9.791
570.801, 564.058, 802.639, 3378.586, 9.815
571.662, 564.868, 803.821, 3364.027, 9.839
572.534, 565.667, 805.004, 3348.288, 9.863
573.414, 566.457, 806.186, 3330.966, 9.887
574.302, 567.238, 807.368, 3313.607, 9.912
575.198, 568.011, 808.551, 3296.416, 9.936
576.100, 568.777, 809.735, 3279.181, 9.960
577.007, 569.538, 810.919, 3261.765, 9.984
577.919, 570.294, 812.103, 3244.314, 10.008
578.835, 571.046, 813.288, 3226.378, 10.033
579.753, 571.795, 814.473, 3208.125, 10.057
580.673, 572.542, 815.658, 3189.902, 10.081
581.593, 573.288, 816.843, 3171.506, 10.105
582.514, 574.034, 818.028, 3152.970, 10.130
583.434, 574.781, 819.213, 3133.929, 10.154
584.352, 575.530, 820.398, 3115.884, 10.178
585.268, 576.282, 821.582, 3099.132, 10.202
586.180, 577.038, 822.767, 3083.492, 10.227
587.087, 577.799, 823.951, 3068.222, 10.251
587.989, 578.565, 825.134, 3053.435, 10.275
588.884, 579.338, 826.317, 3039.061, 10.299
589.773, 580.119, 827.499, 3024.395, 10.323
590.653, 580.909, 828.681, 3010.444, 10.348
591.524, 581.708, 829.862, 2997.159, 10.372
592.433, 582.467, 831.046, 2983.951, 10.396
593.298, 583.273, 832.227, 2971.482, 10.420
594.153, 584.090, 833.407, 2959.185, 10.444
594.995, 584.920, 834.590, 2947.554, 10.469
595.825, 585.764, 835.773, 2936.011, 10.493
596.689, 586.571, 836.955, 2924.703, 10.517
597.553, 587.378, 838.137, 2913.521, 10.541
598.417, 588.185, 839.319, 2902.153, 10.565
599.281, 588.992, 840.501, 2891.893, 10.590
600.144, 589.799, 841.684, 2883.252, 10.614
600.974, 590.643, 842.866, 2875.248, 10.638
601.817, 591.473, 844.049, 2867.453, 10.662
602.671, 592.290, 845.231, 2859.255, 10.686
603.536, 593.096, 846.413, 2850.892, 10.710
604.411, 593.892, 847.595, 2841.867, 10.735
605.295, 594.677, 848.777, 2832.348, 10.759
606.187, 595.454, 849.959, 2822.708, 10.783
607.086, 596.224, 851.141, 2812.551, 10.807
607.992, 596.986, 852.324, 2802.500, 10.831
608.903, 597.743, 853.506, 2793.468, 10.856
609.818, 598.495, 854.689, 2785.309, 10.880
610.737, 599.243, 855.872, 2777.006, 10.904
611.659, 599.988, 857.055, 2768.033, 10.928
612.582, 600.731, 858.238, 2758.247, 10.952
613.507, 601.474, 859.422, 2748.097, 10.977
614.431, 602.216, 860.608, 2737.183, 11.001
615.355, 602.959, 861.793, 2725.440, 11.025
616.276, 603.705, 862.979, 2713.674, 11.049
617.195, 604.453, 864.164, 2701.323, 11.074
618.111, 605.205, 865.348, 2689.272, 11.098
619.022, 605.961, 866.532, 2677.972, 11.122
619.927, 606.724, 867.716, 2666.473, 11.146
620.827, 607.493, 868.899, 2655.102, 11.171
621.719, 608.270, 870.082, 2642.922, 11.195
622.602, 609.056, 871.264, 2630.201, 11.219
623.477, 609.851, 872.445, 2617.738, 11.243
624.342, 610.657, 873.626, 2605.649, 11.267
625.163, 611.511, 874.804, 2594.028, 11.291
625.984, 612.364, 875.983, 2582.315, 11.316
626.804, 613.218, 877.163, 2570.232, 11.340
627.669, 614.024, 878.345, 2557.900, 11.364
628.544, 614.819, 879.527, 2545.495, 11.388
629.427, 615.605, 880.710, 2533.450, 11.412
630.320, 616.382, 881.893, 2520.860, 11.436
631.219, 617.151, 883.076, 2507.879, 11.461
632.124, 617.914, 884.259, 2494.855, 11.485
633.035, 618.671, 885.443, 2481.909, 11.509
633.951, 619.423, 886.628, 2469.017, 11.533
634.870, 620.171, 887.813, 2456.676, 11.558
635.791, 620.916, 888.998, 2444.060, 11.582
636.715, 621.659, 890.184, 2431.309, 11.606
637.639, 622.401, 891.369, 2418.735, 11.630
638.564, 623.144, 892.555, 2406.150, 11.655
639.453, 623.923, 893.737, 2393.480, 11.679
640.354, 624.692, 894.920, 2380.445, 11.703
641.263, 625.450, 896.104, 2367.321, 11.727
642.179, 626.201, 897.289, 2354.693, 11.752
643.101, 626.946, 898.474, 2342.502, 11.776
644.027, 627.687, 899.660, 2331.058, 11.800
644.954, 628.426, 900.846, 2319.987, 11.824
645.882, 629.166, 902.031, 2308.896, 11.849
646.807, 629.907, 903.217, 2298.032, 11.873
647.729, 630.652, 904.402, 2287.148, 11.897
648.645, 631.402, 905.587, 2277.081, 11.921
649.555, 632.161, 906.771, 2267.432, 11.946
650.455, 632.929, 907.954, 2257.532, 11.970
651.345, 633.709, 909.137, 2247.741, 11.994
652.269, 634.451, 910.322, 2238.036, 12.018
653.193, 635.193, 911.508, 2228.625, 12.043
654.117, 635.937, 912.693, 2219.633, 12.067
655.039, 636.682, 913.878, 2211.309, 12.091
655.958, 637.430, 915.063, 2203.235, 12.115
656.839, 638.218, 916.245, 2195.208, 12.139
657.729, 638.998, 917.427, 2187.479, 12.164
658.624, 639.771, 918.611, 2179.953, 12.188
659.525, 640.539, 919.794, 2172.751, 12.212
660.428, 641.304, 920.978, 2165.708, 12.236
661.332, 642.069, 922.161, 2158.933, 12.261
662.235, 642.834, 923.345, 2152.085, 12.285
663.135, 643.602, 924.528, 2145.563, 12.309
664.031, 644.375, 925.712, 2139.275, 12.333
664.920, 645.155, 926.894, 2133.035, 12.357
665.802, 645.943, 928.076, 2126.926, 12.382
666.721, 646.691, 929.261, 2120.946, 12.406
667.642, 647.436, 930.446, 2114.986, 12.430
668.566, 648.180, 931.631, 2108.961, 12.454
669.490, 648.922, 932.817, 2103.035, 12.479
670.381, 649.701, 933.999, 2097.478, 12.503
671.283, 650.467, 935.183, 2092.056, 12.527
672.195, 651.223, 936.367, 2086.680, 12.551
673.115, 651.970, 937.552, 2081.418, 12.575
674.041, 652.710, 938.738, 2076.488, 12.600
674.972, 653.445, 939.924, 2071.893, 12.624
675.906, 654.178, 941.111, 2066.996, 12.648
676.841, 654.909, 942.298, 2061.960, 12.673
677.774, 655.642, 943.484, 2056.797, 12.697
678.705, 656.377, 944.671, 2051.715, 12.721
679.632, 657.117, 945.856, 2046.780, 12.745
680.552, 657.864, 947.041, 2042.071, 12.770
681.464, 658.620, 948.226, 2037.400, 12.794
682.366, 659.386, 949.409, 2032.611, 12.818
683.256, 660.165, 950.590, 2028.021, 12.842
684.147, 660.943, 951.773, 2023.501, 12.866
685.049, 661.710, 952.956, 2018.870, 12.891
685.961, 662.465, 954.140, 2014.145, 12.915
686.881, 663.212, 955.325, 2009.046, 12.939
687.807, 663.952, 956.511, 2003.894, 12.963
688.738, 664.688, 957.697, 1998.900, 12.988
689.672, 665.420, 958.884, 1994.075, 13.012
690.572, 666.188, 960.067, 1989.065, 13.036
691.484, 666.943, 961.251, 1984.029, 13.060
692.406, 667.689, 962.436, 1978.610, 13.085
693.333, 668.428, 963.622, 1973.223, 13.109
694.264, 669.163, 964.809, 1967.818, 13.133
695.196, 669.898, 965.995, 1962.436, 13.157
696.126, 670.634, 967.181, 1957.004, 13.182
697.052, 671.375, 968.367, 1951.601, 13.206
698.018, 672.072, 969.558, 1946.252, 13.230
698.989, 672.765, 970.750, 1941.019, 13.255
699.928, 673.492, 971.937, 1935.931, 13.279
700.881, 674.204, 973.126, 1931.107, 13.303
701.844, 674.904, 974.317, 1925.998, 13.328
702.816, 675.596, 975.509, 1920.661, 13.352
703.793, 676.282, 976.703, 1915.315, 13.377
704.773, 676.965, 977.896, 1909.939, 13.401
705.752, 677.648, 979.090, 1904.744, 13.425
706.730, 678.334, 980.283, 1899.429, 13.450
707.701, 679.026, 981.476, 1894.370, 13.474
708.665, 679.727, 982.667, 1889.227, 13.499
709.583, 680.475, 983.851, 1884.331, 13.523
710.501, 681.224, 985.035, 1879.663, 13.547
711.414, 681.979, 986.218, 1874.727, 13.571
712.367, 682.691, 987.407, 1869.286, 13.596
713.323, 683.400, 988.597, 1863.569, 13.620
714.278, 684.109, 989.787, 1857.761, 13.644
715.231, 684.821, 990.976, 1851.726, 13.669
716.178, 685.539, 992.165, 1845.447, 13.693
717.117, 686.265, 993.352, 1839.198, 13.717
718.046, 687.003, 994.538, 1832.916, 13.742
719.008, 687.705, 995.729, 1826.597, 13.766
719.969, 688.409, 996.919, 1820.232, 13.790
720.892, 689.152, 998.104, 1814.163, 13.815
721.822, 689.889, 999.290, 1808.261, 13.839
722.757, 690.620, 1000.477, 1802.162, 13.863
723.693, 691.349, 1001.664, 1795.903, 13.887
724.629, 692.080, 1002.851, 1789.827, 13.912
725.561, 692.814, 1004.037, 1783.790, 13.936
726.453, 693.591, 1005.218, 1777.817, 13.960
727.348, 694.365, 1006.400, 1772.319, 13.984
728.291, 695.087, 1007.588, 1767.073, 14.009
729.244, 695.798, 1008.777, 1762.133, 14.033
730.206, 696.501, 1009.967, 1757.542, 14.057
731.173, 697.197, 1011.158, 1753.195, 14.082
732.143, 697.891, 1012.350, 1748.890, 14.106
733.113, 698.585, 1013.542, 1744.677, 14.130
734.080, 699.281, 1014.733, 1740.649, 14.155
735.042, 699.984, 1015.924, 1736.497, 14.179
735.961, 700.731, 1017.109, 1732.238, 14.203
736.883, 701.477, 1018.294, 1728.359, 14.228
737.850, 702.174, 1019.485, 1724.543, 14.252
738.826, 702.860, 1020.677, 1720.780, 14.276
739.808, 703.541, 1021.871, 1717.103, 14.301
740.794, 704.217, 1023.066, 1713.584, 14.325
741.781, 704.892, 1024.261, 1709.751, 14.350
742.767, 705.570, 1025.457, 1705.664, 14.374
743.713, 706.288, 1026.645, 1701.562, 14.399
744.665, 707.001, 1027.834, 1697.174, 14.423
745.619, 707.712, 1029.023, 1692.326, 14.447
746.571, 708.425, 1030.213, 1687.507, 14.472
747.518, 709.143, 1031.401, 1682.803, 14.496
748.455, 709.872, 1032.588, 1677.932, 14.520
749.428, 710.562, 1033.780, 1672.916, 14.545
750.398, 711.255, 1034.973, 1667.507, 14.569
751.331, 711.989, 1036.159, 1662.090, 14.593
752.268, 712.717, 1037.346, 1656.543, 14.617
753.208, 713.444, 1038.533, 1650.856, 14.642
754.145, 714.172, 1039.720, 1645.461, 14.666
755.125, 714.855, 1040.913, 1640.126, 14.691
756.110, 715.532, 1042.108, 1634.713, 14.715
757.064, 716.243, 1043.298, 1629.453, 14.739
758.030, 716.941, 1044.490, 1624.184, 14.764
759.006, 717.628, 1045.683, 1618.800, 14.788
759.987, 718.310, 1046.877, 1613.581, 14.813
760.969, 718.990, 1048.072, 1608.637, 14.837
761.916, 719.709, 1049.260, 1603.833, 14.861
762.870, 720.419, 1050.450, 1599.016, 14.886
763.827, 721.127, 1051.640, 1594.677, 14.910
764.829, 721.786, 1052.838, 1590.906, 14.935
765.840, 722.436, 1054.038, 1587.418, 14.959
766.855, 723.081, 1055.240, 1584.127, 14.984
767.871, 723.726, 1056.442, 1581.000, 15.008
768.850, 724.409, 1057.636, 1577.977, 15.033
769.835, 725.086, 1058.831, 1574.887, 15.057
770.823, 725.761, 1060.027, 1572.154, 15.082
771.807, 726.439, 1061.223, 1569.129, 15.106
772.832, 727.074, 1062.427, 1566.141, 15.131
773.860, 727.706, 1063.632, 1563.259, 15.155
774.853, 728.375, 1064.829, 1560.449, 15.180
775.854, 729.035, 1066.028, 1557.360, 15.204
776.858, 729.692, 1067.227, 1553.893, 15.229
777.862, 730.350, 1068.427, 1550.250, 15.254
778.860, 731.013, 1069.626, 1546.627, 15.278
779.848, 731.687, 1070.822, 1542.918, 15.303
780.869, 732.326, 1072.026, 1539.180, 15.327
781.886, 732.969, 1073.229, 1535.469, 15.352
782.895, 733.621, 1074.430, 1531.679, 15.376
783.858, 734.322, 1075.620, 1528.021, 15.401
784.818, 735.026, 1076.809, 1524.434, 15.425
785.771, 735.738, 1077.998, 1520.809, 15.449
786.760, 736.411, 1079.194, 1517.062, 15.474
787.747, 737.086, 1080.390, 1513.133, 15.498
788.729, 737.767, 1081.585, 1509.407, 15.523
789.668, 738.494, 1082.770, 1505.616, 15.547
790.606, 739.221, 1083.956, 1501.617, 15.571
791.588, 739.902, 1085.151, 1497.897, 15.596
792.575, 740.578, 1086.346, 1494.235, 15.620
793.564, 741.251, 1087.543, 1490.881, 15.645
794.551, 741.926, 1088.739, 1487.748, 15.669
795.533, 742.607, 1089.933, 1484.749, 15.694
796.472, 743.334, 1091.119, 1482.152, 15.718
797.410, 744.061, 1092.305, 1479.450, 15.742
798.392, 744.742, 1093.500, 1476.998, 15.767
799.379, 745.417, 1094.696, 1474.873, 15.791
800.368, 746.091, 1095.892, 1472.452, 15.816
801.321, 746.802, 1097.081, 1470.172, 15.840
802.282, 747.506, 1098.272, 1467.639, 15.864
803.245, 748.207, 1099.463, 1464.915, 15.889
804.253, 748.859, 1100.663, 1462.285, 15.913
805.270, 749.503, 1101.865, 1459.771, 15.938
806.258, 750.178, 1103.061, 1457.489, 15.962
807.258, 750.838, 1104.260, 1455.403, 15.987
808.268, 751.489, 1105.461, 1453.295, 16.011
809.283, 752.135, 1106.663, 1451.383, 16.036
810.297, 752.781, 1107.865, 1449.309, 16.061
811.307, 753.432, 1109.066, 1447.018, 16.085
812.308, 754.093, 1110.265, 1444.558, 16.110
813.308, 754.753, 1111.464, 1441.632, 16.134
814.318, 755.404, 1112.665, 1438.843, 16.159
815.333, 756.050, 1113.868, 1436.011, 16.183
816.347, 756.696, 1115.070, 1433.441, 16.208
817.323, 757.384, 1116.263, 1431.054, 16.232
818.302, 758.067, 1117.457, 1428.658, 16.257
819.327, 758.702, 1118.662, 1426.391, 16.281
820.360, 759.328, 1119.869, 1424.220, 16.306
821.395, 759.952, 1121.077, 1421.692, 16.331
822.394, 760.615, 1122.275, 1419.214, 16.355
823.399, 761.270, 1123.476, 1416.489, 16.380
824.406, 761.925, 1124.676, 1413.622, 16.405
825.408, 762.584, 1125.876, 1410.750, 16.429
826.447, 763.203, 1127.085, 1407.856, 16.454
827.452, 763.860, 1128.285, 1405.576, 16.478
828.464, 764.508, 1129.487, 1403.129, 16.503
829.477, 765.155, 1130.689, 1400.616, 16.528
830.487, 765.806, 1131.890, 1398.090, 16.552
831.536, 766.415, 1133.102, 1395.268, 16.577
832.550, 767.061, 1134.305, 1392.517, 16.602
833.573, 767.699, 1135.510, 1389.726, 16.626
834.598, 768.333, 1136.715, 1386.612, 16.651
835.621, 768.970, 1137.920, 1383.475, 16.676
836.683, 769.565, 1139.136, 1380.460, 16.700
837.746, 770.159, 1140.352, 1377.627, 16.725
838.771, 770.793, 1141.558, 1374.709, 16.750
839.801, 771.423, 1142.765, 1371.546, 16.775
840.830, 772.053, 1143.971, 1368.316, 16.799
841.853, 772.691, 1145.176, 1364.941, 16.824
842.830, 773.377, 1146.368, 1361.617, 16.848
843.850, 774.017, 1147.572, 1358.422, 16.873
844.873, 774.653, 1148.778, 1354.986, 16.898
845.895, 775.291, 1149.982, 1351.713, 16.922
846.909, 775.937, 1151.185, 1348.522, 16.947
847.925, 776.582, 1152.388, 1345.379, 16.972
848.949, 777.217, 1153.593, 1342.311, 16.996
849.977, 777.849, 1154.800, 1339.007, 17.021
851.003, 778.482, 1156.005, 1335.586, 17.046
851.988, 779.160, 1157.200, 1332.215, 17.070
853.021, 779.786, 1158.408, 1328.834, 17.095
854.062, 780.404, 1159.617, 1325.536, 17.120
855.105, 781.019, 1160.828, 1322.253, 17.144
856.112, 781.673, 1162.029, 1319.159, 17.169
857.089, 782.359, 1163.221, 1316.398, 17.193
858.124, 782.983, 1164.429, 1313.542, 17.218
859.211, 783.551, 1165.652, 1310.992, 17.243
860.298, 784.120, 1166.876, 1308.211, 17.268
861.344, 784.731, 1168.088, 1305.301, 17.293
862.391, 785.342, 1169.300, 1302.509, 17.318
863.481, 785.908, 1170.524, 1299.629, 17.343
864.539, 786.508, 1171.740, 1296.870, 17.368
865.606, 787.097, 1172.958, 1294.513, 17.393
866.678, 787.681, 1174.178, 1292.251, 17.417
867.747, 788.269, 1175.398, 1290.021, 17.442
868.806, 788.867, 1176.614, 1287.641, 17.467
869.864, 789.466, 1177.830, 1285.491, 17.492
870.928, 790.060, 1179.048, 1283.261, 17.517
871.990, 790.654, 1180.266, 1280.801, 17.542
873.045, 791.257, 1181.481, 1278.339, 17.567
874.135, 791.823, 1182.707, 1236.091, 17.592
875.184, 792.431, 1183.921, 1234.152, 17.617
876.202, 793.073, 1185.122, 1231.924, 17.641
877.228, 793.707, 1186.327, 1229.277, 17.666
878.254, 794.340, 1187.533, 1226.577, 17.691
879.322, 794.929, 1188.752, 1223.870, 17.716
880.391, 795.517, 1189.972, 1221.005, 17.741
881.420, 796.147, 1191.178, 1218.114, 17.765
882.450, 796.776, 1192.385, 1215.233, 17.790
883.522, 797.361, 1193.605, 1212.483, 17.815
884.594, 797.945, 1194.826, 1209.959, 17.840
885.627, 798.571, 1196.033, 1207.412, 17.865
886.661, 799.196, 1197.241, 1204.746, 17.889
887.736, 799.777, 1198.463, 1201.862, 17.914
888.859, 800.307, 1199.701, 1198.977, 17.940
889.958, 800.863, 1200.931, 1196.281, 17.965
890.991, 801.489, 1202.139, 1193.586, 17.990
892.032, 802.106, 1203.349, 1190.897, 18.014
893.121, 802.673, 1204.575, 1188.298, 18.039
894.216, 803.232, 1205.804, 1185.693, 18.065
895.310, 803.793, 1207.032, 1183.217, 18.090
896.444, 804.311, 1208.276, 1180.759, 18.115
897.542, 804.867, 1209.507, 1178.210, 18.140
898.646, 805.417, 1210.741, 1175.630, 18.166
899.749, 805.969, 1211.973, 1172.971, 18.191
900.808, 806.567, 1213.189, 1170.413, 18.216
901.911, 807.118, 1214.422, 1167.854, 18.241
903.017, 807.666, 1215.656, 1165.300, 18.266
904.118, 808.219, 1216.888, 1162.628, 18.291
905.208, 808.785, 1218.116, 1159.874, 18.317
906.245, 809.407, 1219.322, 1157.047, 18.341
907.315, 809.993, 1220.543, 1154.103, 18.366
908.426, 810.535, 1221.779, 1151.316, 18.392
909.538, 811.078, 1223.015, 1148.537, 18.417
910.608, 811.663, 1224.235, 1145.572, 18.442
911.679, 812.249, 1225.455, 1142.494, 18.467
912.743, 812.843, 1226.673, 1139.695, 18.492
913.839, 813.400, 1227.903, 1136.904, 18.517
914.895, 814.003, 1229.118, 1134.037, 18.542
915.949, 814.606, 1230.333, 1131.195, 18.567
916.996, 815.217, 1231.545, 1128.300, 18.591
918.040, 815.831, 1232.756, 1125.596, 18.616
919.089, 816.440, 1233.969, 1123.046, 18.641
920.136, 817.052, 1235.182, 1120.503, 18.666
921.138, 817.711, 1236.380, 1117.938, 18.690
922.184, 818.323, 1237.591, 1115.308, 18.715
923.278, 818.883, 1238.819, 1112.748, 18.740
924.348, 819.470, 1240.039, 1110.391, 18.765
925.433, 820.040, 1241.264, 1107.959, 18.790
926.459, 820.675, 1242.469, 1105.700, 18.815
927.544, 821.245, 1243.694, 1103.469, 18.840
928.634, 821.810, 1244.921, 1101.463, 18.865
929.768, 822.328, 1246.163, 1099.644, 18.890
930.904, 822.844, 1247.406, 1097.848, 18.916
932.002, 823.400, 1248.637, 1096.050, 18.941
933.148, 823.905, 1249.885, 1094.202, 18.967
934.302, 824.402, 1251.136, 1092.211, 18.992
935.421, 824.935, 1252.374, 1090.391, 19.018
936.546, 825.463, 1253.615, 1088.615, 19.043
937.669, 825.994, 1254.855, 1086.909, 19.068
938.794, 826.521, 1256.098, 1085.279, 19.094
939.927, 827.040, 1257.344, 1083.824, 19.119
941.060, 827.559, 1258.591, 1082.266, 19.145
942.185, 828.087, 1259.833, 1080.845, 19.170
943.307, 828.617, 1261.074, 1079.497, 19.196
944.432, 829.145, 1262.317, 1078.053, 19.221
945.551, 829.679, 1263.557, 1076.358, 19.246
946.658, 830.227, 1264.791, 1074.687, 19.272
947.755, 830.783, 1266.022, 1073.055, 19.297
948.851, 831.343, 1267.251, 1071.358, 19.322
949.901, 831.950, 1268.461, 1069.659, 19.347
950.993, 832.513, 1269.689, 1067.905, 19.372
952.083, 833.078, 1270.917, 1066.094, 19.397
953.131, 833.688, 1272.127, 1064.415, 19.422
954.222, 834.253, 1273.355, 1062.714, 19.447
955.279, 834.852, 1274.569, 1060.858, 19.472
956.308, 835.483, 1275.771, 1058.776, 19.496
957.428, 836.016, 1277.011, 1056.615, 19.522
958.548, 836.549, 1278.251, 1054.524, 19.547
959.723, 837.024, 1279.514, 1052.477, 19.573
960.876, 837.521, 1280.768, 1050.501, 19.599
962.033, 838.014, 1282.024, 1048.395, 19.624
963.153, 838.548, 1283.264, 1046.289, 19.650
964.273, 839.080, 1284.505, 1044.232, 19.675
965.399, 839.606, 1285.748, 1042.148, 19.700
966.535, 840.122, 1286.995, 1039.993, 19.726
967.672, 840.637, 1288.243, 1037.823, 19.752
968.848, 841.110, 1289.509, 1035.558, 19.777
969.988, 841.622, 1290.759, 1033.437, 19.803
971.129, 842.132, 1292.009, 1031.363, 19.829
972.311, 842.599, 1293.278, 1029.523, 19.855
973.457, 843.104, 1294.530, 1027.659, 19.880
974.605, 843.607, 1295.784, 1025.832, 19.906
975.714, 844.152, 1297.018, 1024.031, 19.931
976.867, 844.650, 1298.274, 1022.090, 19.957
977.987, 845.182, 1299.514, 1020.235, 19.982
979.114, 845.708, 1300.757, 1018.304, 20.008
980.235, 846.240, 1301.998, 1016.264, 20.033
981.356, 846.772, 1303.239, 1014.219, 20.058
982.480, 847.301, 1304.481, 1012.311, 20.084
983.644, 847.787, 1305.741, 1010.449, 20.110
984.771, 848.312, 1306.985, 1008.554, 20.135
985.899, 848.837, 1308.229, 1006.626, 20.161
987.065, 849.320, 1309.491, 1004.638, 20.186
988.193, 849.844, 1310.735, 1002.644, 20.212
989.368, 850.319, 1312.001, 1000.679, 20.238
990.560, 850.775, 1313.276, 998.685, 20.264
991.726, 851.259, 1314.538, 996.624, 20.290
992.890, 851.745, 1315.800, 994.681, 20.315
994.056, 852.228, 1317.062, 992.752, 20.341
995.227, 852.707, 1318.327, 990.912, 20.367
996.394, 853.190, 1319.590, 989.071, 20.393
997.559, 853.673, 1320.852, 987.126, 20.419
998.728, 854.154, 1322.116, 985.161, 20.445
999.903, 854.629, 1323.383, 983.193, 20.471
1001.088, 855.092, 1324.655, 981.217, 20.497
1002.272, 855.556, 1325.927, 979.370, 20.523
1003.413, 856.067, 1327.176, 977.604, 20.548
1004.594, 856.534, 1328.446, 975.851, 20.574
1005.772, 857.006, 1329.715, 974.207, 20.600
1006.902, 857.528, 1330.958, 972.571, 20.626
1008.069, 858.011, 1332.221, 970.946, 20.651
1009.194, 858.538, 1333.463, 969.336, 20.677
1010.363, 859.019, 1334.726, 967.664, 20.703
1011.530, 859.501, 1335.990, 966.036, 20.729
1012.701, 859.980, 1337.254, 964.189, 20.754
1013.877, 860.452, 1338.522, 962.318, 20.780
1015.016, 860.965, 1339.771, 960.590, 20.806
1016.202, 861.428, 1341.043, 958.878, 20.832
1017.356, 861.924, 1342.299, 957.235, 20.858
1018.516, 862.414, 1343.558, 955.587, 20.883
1019.718, 862.860, 1344.839, 954.046, 20.910
1020.884, 863.343, 1346.102, 952.527, 20.936
1022.051, 863.826, 1347.365, 950.921, 20.961
1023.221, 864.305, 1348.629, 949.226, 20.987
1024.398, 864.777, 1349.897, 947.366, 21.013
1025.618, 865.203, 1351.188, 945.508, 21.040
1026.803, 865.667, 1352.460, 943.788, 21.066
1027.990, 866.128, 1353.733, 942.001, 21.092
1029.181, 866.585, 1355.009, 940.279, 21.118
1030.380, 867.034, 1356.288, 938.538, 21.144
1031.574, 867.487, 1357.566, 936.959, 21.170
1032.768, 867.941, 1358.843, 935.439, 21.196
1033.964, 868.392, 1360.121, 933.879, 21.222
1035.164, 868.839, 1361.402, 932.322, 21.249
1036.372, 869.279, 1362.686, 930.872, 21.275
1037.542, 869.759, 1363.951, 929.418, 21.301
1038.757, 870.189, 1365.239, 927.952, 21.327
1039.940, 870.655, 1366.510, 926.481, 21.353
1041.125, 871.119, 1367.783, 924.969, 21.379
1042.314, 871.577, 1369.058, 923.494, 21.405
1043.510, 872.029, 1370.336, 922.159, 21.431
1044.748, 872.435, 1371.638, 920.839, 21.458
1045.950, 872.881, 1372.919, 919.457, 21.484
1047.116, 873.365, 1374.181, 917.976, 21.510
1048.330, 873.797, 1375.470, 916.632, 21.536
1049.512, 874.264, 1376.740, 915.324, 21.562
1050.744, 874.677, 1378.039, 914.003, 21.589
1051.980, 875.085, 1379.340, 912.738, 21.616
1053.223, 875.487, 1380.645, 911.339, 21.642
1054.474, 875.880, 1381.955, 910.045, 21.669
1055.687, 876.313, 1383.243, 908.703, 21.696
1056.945, 876.698, 1384.557, 907.393, 21.722
1058.202, 877.084, 1385.871, 906.167, 21.749
1059.461, 877.469, 1387.185, 904.895, 21.776
1060.687, 877.888, 1388.482, 903.713, 21.803
1061.918, 878.303, 1389.780, 902.556, 21.829
1063.153, 878.713, 1391.081, 901.421, 21.856
1064.393, 879.117, 1392.385, 900.421, 21.883
1065.673, 879.478, 1393.713, 899.427, 21.910
1066.915, 879.882, 1395.018, 898.497, 21.936
1068.117, 880.326, 1396.300, 897.597, 21.963
1069.363, 880.725, 1397.608, 896.772, 21.989
1070.605, 881.127, 1398.913, 896.047, 22.016
1071.844, 881.532, 1400.217, 895.409, 22.043
1073.048, 881.976, 1401.499, 894.676, 22.069
1074.297, 882.370, 1402.809, 893.925, 22.096
1075.545, 882.766, 1404.118, 893.281, 22.123
1076.794, 883.162, 1405.428, 892.801, 22.149
1078.009, 883.593, 1406.717, 892.419, 22.176
1079.273, 883.972, 1408.036, 892.004, 22.203
1080.504, 884.386, 1409.335, 891.500, 22.229
1081.737, 884.797, 1410.635, 891.048, 22.256
1082.972, 885.207, 1411.936, 890.643, 22.283
1084.257, 885.564, 1413.268, 890.330, 22.310
1085.510, 885.955, 1414.580, 889.885, 22.337
1086.813, 886.292, 1415.924, 889.427, 22.364
1088.086, 886.661, 1417.249, 888.995, 22.391
1089.362, 887.026, 1418.576, 888.650, 22.419
1090.642, 887.388, 1419.905, 888.395, 22.446
1091.926, 887.746, 1421.237, 888.005, 22.473
1093.213, 888.100, 1422.571, 887.621, 22.500
1094.504, 888.450, 1423.909, 887.181, 22.528
1095.751, 888.847, 1425.217, 886.707, 22.554
1097.001, 889.241, 1426.527, 886.278, 22.581
1098.300, 889.583, 1427.869, 885.757, 22.609
1099.601, 889.922, 1429.213, 885.267, 22.636
1100.903, 890.260, 1430.559, 884.765, 22.664
1102.208, 890.595, 1431.905, 884.267, 22.691
1103.466, 890.980, 1433.221, 883.886, 22.718
1104.760, 891.327, 1434.560, 883.524, 22.746
1106.054, 891.673, 1435.900, 883.140, 22.773
1107.316, 892.055, 1437.218, 882.806, 22.800
1108.577, 892.437, 1438.535, 882.493, 22.827
1109.837, 892.819, 1439.852, 882.198, 22.854
1111.144, 893.153, 1441.200, 881.975, 22.881
1112.414, 893.525, 1442.524, 881.792, 22.909
1113.682, 893.900, 1443.845, 881.625, 22.936
1114.946, 894.279, 1445.165, 881.437, 22.963
1116.253, 894.612, 1446.513, 881.340, 22.990
1117.521, 894.985, 1447.836, 881.385, 23.017
1118.832, 895.314, 1449.186, 881.497, 23.045
1120.103, 895.685, 1450.511, 881.615, 23.072
1121.382, 896.049, 1451.840, 881.818, 23.099
1122.666, 896.405, 1453.173, 881.927, 23.126
1123.956, 896.756, 1454.510, 882.119, 23.154
1125.251, 897.102, 1455.850, 882.338, 23.181
1126.549, 897.444, 1457.193, 882.510, 23.209
1127.850, 897.784, 1458.537, 882.652, 23.236
1129.153, 898.121, 1459.883, 882.819, 23.264
1130.423, 898.494, 1461.206, 883.067, 23.291
1131.739, 898.817, 1462.561, 883.333, 23.319
1133.019, 899.178, 1463.891, 883.626, 23.346
1134.310, 899.529, 1465.228, 883.940, 23.373
1135.656, 899.820, 1466.604, 884.180, 23.401
1136.975, 900.140, 1467.961, 884.390, 23.429
1138.265, 900.490, 1469.298, 884.560, 23.456
1139.606, 900.787, 1470.670, 884.702, 23.485
1140.948, 901.082, 1472.043, 884.828, 23.513
1142.289, 901.379, 1473.416, 884.943, 23.541
1143.627, 901.679, 1474.786, 885.156, 23.569
1144.960, 901.983, 1476.154, 885.484, 23.597
1146.301, 902.280, 1477.526, 885.789, 23.625
1147.613, 902.607, 1478.879, 886.090, 23.652
1148.976, 902.880, 1480.267, 886.392, 23.681
1150.305, 903.189, 1481.631, 886.633, 23.709
1151.680, 903.449, 1483.031, 886.938, 23.737
1153.017, 903.750, 1484.401, 887.265, 23.765
1154.396, 904.006, 1485.803, 887.661, 23.794
1155.732, 904.307, 1487.173, 888.042, 23.822
1157.072, 904.606, 1488.545, 888.486, 23.850
1158.411, 904.904, 1489.917, 889.018, 23.878
1159.747, 905.205, 1491.286, 889.635, 23.906
1161.092, 905.498, 1492.662, 890.221, 23.935
1162.442, 905.785, 1494.043, 890.839, 23.963
1163.794, 906.069, 1495.425, 891.449, 23.991
1165.113, 906.389, 1496.781, 892.105, 23.981
1166.476, 906.662, 1498.171, 892.829, 23.953
1167.798, 906.979, 1499.530, 893.568, 23.925
1169.124, 907.292, 1500.892, 894.285, 23.897
1170.497, 907.553, 1502.290, 895.056, 23.868
1171.834, 907.854, 1503.660, 895.869, 23.840
1173.212, 908.111, 1505.061, 896.743, 23.812
1174.594, 908.363, 1506.465, 897.570, 23.783
1175.944, 908.650, 1507.846, 898.417, 23.755
1177.306, 908.924, 1509.235, 899.254, 23.726
1178.724, 909.139, 1510.666, 900.090, 23.697
1180.112, 909.384, 1512.076, 901.012, 23.668
1181.469, 909.663, 1513.461, 901.965, 23.640
1182.871, 909.895, 1514.881, 902.954, 23.611
1184.232, 910.170, 1516.269, 903.953, 23.582
1185.596, 910.442, 1517.660, 904.976, 23.554
1186.971, 910.701, 1519.060, 906.085, 23.525
1188.401, 910.902, 1520.503, 907.211, 23.496
1189.835, 911.099, 1521.949, 908.317, 23.466
1191.269, 911.296, 1523.395, 909.470, 23.437
1192.665, 911.533, 1524.811, 910.603, 23.408
1194.067, 911.765, 1526.232, 911.833, 23.379
1195.470, 911.995, 1527.653, 913.100, 23.349
1196.869, 912.230, 1529.072, 914.461, 23.320
1198.273, 912.458, 1530.495, 915.832, 23.291
1199.678, 912.686, 1531.918, 917.244, 23.262
1201.080, 912.917, 1533.339, 918.681, 23.233
1202.487, 913.143, 1534.764, 920.135, 23.204
1203.861, 913.404, 1536.162, 921.615, 23.175
1205.278, 913.619, 1537.595, 923.071, 23.146
1206.700, 913.830, 1539.032, 924.496, 23.117
1208.121, 914.040, 1540.469, 925.952, 23.087
1209.538, 914.255, 1541.902, 927.438, 23.058
1210.959, 914.465, 1543.339, 928.999, 23.028
1212.347, 914.712, 1544.748, 930.491, 23.000
1213.742, 914.950, 1546.163, 931.971, 22.971
1215.141, 915.185, 1547.581, 933.471, 22.942
1216.536, 915.423, 1548.997, 934.966, 22.913
1217.937, 915.655, 1550.417, 936.432, 22.884
1219.352, 915.873, 1551.848, 937.851, 22.854
1220.740, 916.119, 1553.258, 939.272, 22.826
1222.178, 916.312, 1554.708, 940.665, 22.796
1223.626, 916.494, 1556.166, 942.116, 22.766
1225.044, 916.707, 1557.601, 943.642, 22.737
1226.508, 916.872, 1559.072, 945.216, 22.707
1227.978, 917.030, 1560.550, 946.804, 22.676
1229.463, 917.173, 1562.039, 948.372, 22.646
1230.957, 917.306, 1563.537, 949.934, 22.615
1232.407, 917.486, 1564.997, 951.504, 22.585
1233.820, 917.705, 1566.427, 953.094, 22.556
1235.284, 917.870, 1567.900, 954.711, 22.526
1236.759, 918.023, 1569.382, 956.271, 22.496
1238.204, 918.207, 1570.839, 957.877, 22.466
1239.695, 918.344, 1572.334, 959.551, 22.435
1241.190, 918.476, 1573.833, 961.290, 22.404
1242.648, 918.646, 1575.302, 963.036, 22.374
1244.112, 918.811, 1576.775, 964.818, 22.344
1245.586, 918.965, 1578.257, 966.596, 22.314
1247.112, 919.064, 1579.785, 968.345, 22.283
1248.600, 919.202, 1581.280, 970.120, 22.252
1250.093, 919.337, 1582.778, 971.915, 22.221
1251.547, 919.511, 1584.243, 973.639, 22.191
1253.038, 919.648, 1585.740, 975.357, 22.161
1254.489, 919.826, 1587.201, 977.106, 22.131
1255.987, 919.954, 1588.705, 978.977, 22.100
1257.492, 920.075, 1590.215, 980.885, 22.069
1258.962, 920.234, 1591.693, 982.711, 22.039
1260.437, 920.387, 1593.175, 984.560, 22.009
1261.955, 920.494, 1594.697, 986.392, 21.978
1263.476, 920.597, 1596.221, 988.274, 21.946
1265.006, 920.691, 1597.753, 990.200, 21.915
1266.504, 920.820, 1599.257, 992.208, 21.884
1268.009, 920.941, 1600.766, 994.247, 21.853
1269.561, 921.011, 1602.318, 996.332, 21.822
1271.071, 921.127, 1603.832, 998.491, 21.791
1272.578, 921.246, 1605.344, 1000.630, 21.760
1274.087, 921.362, 1606.858, 1002.749, 21.729
1275.557, 921.520, 1608.336, 1004.896, 21.698
1277.061, 921.643, 1609.844, 1007.021, 21.668
1278.602, 921.725, 1611.388, 1009.096, 21.636
1280.107, 921.845, 1612.898, 1011.230, 21.605
1281.615, 921.963, 1614.410, 1013.484, 21.574
1283.131, 922.072, 1615.930, 1015.803, 21.543
1284.613, 922.218, 1617.419, 1018.174, 21.513
1286.099, 922.359, 1618.912, 1020.574, 21.482
1287.629, 922.454, 1620.444, 1023.021, 21.451
1289.159, 922.548, 1621.977, 1025.381, 21.419
1290.696, 922.635, 1623.515, 1027.745, 21.388
1292.196, 922.760, 1625.021, 1030.072, 21.357
1293.700, 922.882, 1626.530, 1032.404, 21.326
1295.211, 922.997, 1628.045, 1034.714, 21.295
1296.733, 923.100, 1629.571, 1037.197, 21.264
1298.224, 923.235, 1631.068, 1039.727, 21.233
1299.769, 923.314, 1632.614, 1042.238, 21.202
1301.291, 923.417, 1634.139, 1044.750, 21.170
1302.827, 923.504, 1635.678, 1047.294, 21.139
1304.415, 923.536, 1637.264, 1049.824, 21.107
1306.012, 923.558, 1638.859, 1052.362, 21.074
1307.575, 923.617, 1640.422, 1054.862, 21.042
1309.142, 923.672, 1641.989, 1057.369, 21.010
1310.716, 923.719, 1643.564, 1059.869, 20.978
1312.300, 923.755, 1645.149, 1062.417, 20.945
1313.933, 923.738, 1646.782, 1065.024, 20.912
1315.524, 923.767, 1648.373, 1067.619, 20.879
1317.111, 923.801, 1649.960, 1070.171, 20.847
1318.697, 923.835, 1651.546, 1072.772, 20.814
1320.285, 923.867, 1653.134, 1075.411, 20.782
1321.880, 923.892, 1654.729, 1078.002, 20.749
1323.436, 923.957, 1656.287, 1080.583, 20.717
1324.993, 924.023, 1657.844, 1083.241, 20.685
1326.550, 924.088, 1659.403, 1085.958, 20.653
1328.113, 924.147, 1660.966, 1088.688, 20.621
1329.716, 924.162, 1662.570, 1091.434, 20.589
1331.283, 924.217, 1664.138, 1094.186, 20.557
1332.864, 924.257, 1665.719, 1096.930, 20.524
1334.447, 924.295, 1667.302, 1099.643, 20.492
1335.988, 924.377, 1668.845, 1102.441, 20.460
1337.570, 924.415, 1670.427, 1105.213, 20.428
1339.148, 924.457, 1672.006, 1107.978, 20.396
1340.726, 924.500, 1673.585, 1110.740, 20.363
1342.306, 924.542, 1675.165, 1113.590, 20.331
1343.890, 924.578, 1676.749, 1116.360, 20.299
1345.481, 924.607, 1678.341, 1119.166, 20.266
1347.048, 924.661, 1679.909, 1122.074, 20.234
1348.674, 924.652, 1681.534, 1124.933, 20.201
1350.315, 924.628, 1683.175, 1127.740, 20.167
1351.925, 924.636, 1684.785, 1130.620, 20.134
1353.541, 924.638, 1686.401, 1133.442, 20.101
1355.164, 924.633, 1688.024, 1136.225, 20.068
1356.796, 924.618, 1689.655, 1139.046, 20.034
1358.439, 924.591, 1691.298, 1141.941, 20.001
1360.094, 924.551, 1692.953, 1144.792, 19.967
1361.716, 924.547, 1694.576, 1147.643, 19.934
1363.340, 924.540, 1696.200, 1150.566, 19.901
1364.967, 924.531, 1697.826, 1153.511, 19.867
1366.597, 924.518, 1699.457, 1156.490, 19.834
1368.232, 924.500, 1701.091, 1159.466, 19.800
1369.872, 924.476, 1702.732, 1162.510, 19.767
1371.518, 924.445, 1704.378, 1165.501, 19.733
1373.138, 924.443, 1705.998, 1168.576, 19.700
1374.813, 924.383, 1707.673, 1171.673, 19.666
1376.495, 924.314, 1709.356, 1174.834, 19.631
1378.139, 924.286, 1711.000, 1178.010, 19.598
1379.826, 924.212, 1712.688, 1181.237, 19.563
1381.523, 924.127, 1714.387, 1184.498, 19.528
1383.183, 924.082, 1716.047, 1187.753, 19.494
1384.888, 923.989, 1717.755, 1191.003, 19.459
1386.558, 923.934, 1719.425, 1194.263, 19.425
1388.225, 923.881, 1721.093, 1197.583, 19.391
1389.891, 923.830, 1722.759, 1200.922, 19.357
1391.554, 923.781, 1724.424, 1204.327, 19.323
1393.216, 923.734, 1726.086, 1207.855, 19.289
1394.877, 923.688, 1727.747, 1211.428, 19.255
1396.583, 923.594, 1729.455, 1214.900, 19.220
1398.254, 923.537, 1731.127, 1218.470, 19.186
1399.924, 923.481, 1732.798, 1222.025, 19.152
1401.559, 923.463, 1734.433, 1225.491, 19.118
1403.206, 923.432, 1736.080, 1228.962, 19.084
1404.863, 923.389, 1737.738, 1232.455, 19.051
1406.531, 923.336, 1739.407, 1235.891, 19.016
1408.207, 923.274, 1741.084, 1239.313, 18.982
1409.892, 923.202, 1742.771, 1242.882, 18.948
1411.584, 923.123, 1744.464, 1246.522, 18.913
1413.282, 923.037, 1746.164, 1250.131, 18.878
1414.986, 922.945, 1747.870, 1253.807, 18.843
1416.694, 922.849, 1749.581, 1257.440, 18.808
1418.406, 922.748, 1751.295, 1260.999, 18.773
1420.086, 922.681, 1752.977, 1264.520, 18.739
1421.815, 922.563, 1754.710, 1268.175, 18.703
1423.591, 922.393, 1756.493, 1271.816, 18.667
1425.334, 922.260, 1758.240, 1275.506, 18.631
1427.075, 922.128, 1759.987, 1279.295, 18.595
1428.815, 921.997, 1761.731, 1283.207, 18.560
1430.552, 921.870, 1763.473, 1287.103, 18.524
1432.251, 921.783, 1765.174, 1291.034, 18.489
1433.958, 921.687, 1766.884, 1294.981, 18.454
1435.672, 921.585, 1768.601, 1298.924, 18.419
1437.390, 921.477, 1770.322, 1302.923, 18.384
1439.111, 921.367, 1772.047, 1306.951, 18.348
1440.833, 921.256, 1773.772, 1311.082, 18.313
1442.554, 921.146, 1775.497, 1315.220, 18.278
1444.238, 921.075, 1777.182, 1319.428, 18.243
1445.930, 920.995, 1778.876, 1323.743, 18.209
1447.628, 920.910, 1780.575, 1328.141, 18.174
1449.328, 920.822, 1782.278, 1332.452, 18.139
1450.995, 920.770, 1783.944, 1336.817, 18.105
1452.753, 920.620, 1785.708, 1341.132, 18.069
1454.485, 920.498, 1787.444, 1345.385, 18.033
1456.235, 920.356, 1789.201, 1349.677, 17.997
1458.002, 920.196, 1790.975, 1354.030, 17.961
1459.783, 920.022, 1792.764, 1358.457, 17.925
1461.574, 919.837, 1794.565, 1362.829, 17.888
1463.374, 919.642, 1796.374, 1367.255, 17.851
1465.179, 919.442, 1798.190, 1371.667, 17.814
1466.952, 919.276, 1799.971, 1375.955, 17.777
1468.738, 919.096, 1801.767, 1380.292, 17.740
1470.533, 918.906, 1803.572, 1384.693, 17.703
1472.381, 918.659, 1805.435, 1389.078, 17.665
1474.164, 918.483, 1807.227, 1393.543, 17.629
1475.959, 918.294, 1809.031, 1398.118, 17.592
1477.760, 918.098, 1810.843, 1402.722, 17.555
1479.564, 917.898, 1812.659, 1407.352, 17.517
1481.367, 917.700, 1814.472, 1412.018, 17.480
1483.163, 917.510, 1816.278, 1416.741, 17.443
1484.996, 917.279, 1818.125, 1421.473, 17.406
1486.794, 917.087, 1819.933, 1426.318, 17.369
1488.600, 916.885, 1821.751, 1431.183, 17.331
1490.410, 916.680, 1823.572, 1436.026, 17.294
1492.219, 916.476, 1825.392, 1440.898, 17.257
1493.988, 916.314, 1827.169, 1445.857, 17.221
1495.760, 916.149, 1828.949, 1451.013, 17.184
1497.577, 915.936, 1830.778, 1456.208, 17.147
1499.401, 915.716, 1832.614, 1461.339, 17.109
1501.191, 915.531, 1834.415, 1466.414, 17.072
1502.958, 915.371, 1836.188, 1471.440, 17.036
1504.790, 915.142, 1838.034, 1476.302, 16.998
1506.599, 914.938, 1839.855, 1481.233, 16.961
1508.461, 914.676, 1841.734, 1486.223, 16.922
1510.371, 914.364, 1843.667, 1491.183, 16.883
1512.242, 914.093, 1845.557, 1496.253, 16.844
1514.117, 913.818, 1847.452, 1501.449, 16.805
1515.990, 913.545, 1849.344, 1506.746, 16.767
1517.822, 913.316, 1851.190, 1512.064, 16.729
1519.585, 913.160, 1852.959, 1517.395, 16.693
1521.483, 912.860, 1854.880, 1522.852, 16.653
1523.381, 912.560, 1856.801, 1528.207, 16.614
1525.274, 912.266, 1858.716, 1533.576, 16.575
1527.088, 912.056, 1860.541, 1539.105, 16.538
1528.993, 911.750, 1862.469, 1544.609, 16.498
1530.867, 911.476, 1864.363, 1550.274, 16.459
1532.752, 911.190, 1866.269, 1556.097, 16.420
1534.641, 910.899, 1868.180, 1562.091, 16.381
1536.494, 910.647, 1870.051, 1568.121, 16.343
1538.352, 910.390, 1871.927, 1574.237, 16.305
1540.208, 910.136, 1873.799, 1580.428, 16.266
1542.067, 909.878, 1875.676, 1586.483, 16.228
1543.935, 909.610, 1877.564, 1592.575, 16.189
1545.807, 909.338, 1879.455, 1598.761, 16.151
1547.674, 909.072, 1881.341, 1605.105, 16.112
1549.577, 908.767, 1883.268, 1611.505, 16.073
1551.441, 908.503, 1885.151, 1617.899, 16.034
1553.273, 908.274, 1886.997, 1624.301, 15.996
1555.112, 908.037, 1888.851, 1630.747, 15.958
1556.998, 907.750, 1890.759, 1637.274, 15.919
1558.903, 907.443, 1892.688, 1643.867, 15.880
1560.833, 907.109, 1894.646, 1650.594, 15.840
1562.747, 906.792, 1896.586, 1657.299, 15.800
1564.685, 906.450, 1898.552, 1664.055, 15.760
1566.556, 906.179, 1900.443, 1671.055, 15.721
1568.480, 905.851, 1902.394, 1678.119, 15.681
1570.414, 905.512, 1904.357, 1685.259, 15.641
1572.315, 905.210, 1906.282, 1692.514, 15.602
1574.268, 904.851, 1908.266, 1699.849, 15.561
1576.291, 904.417, 1910.332, 1707.370, 15.519
1578.294, 904.005, 1912.377, 1714.821, 15.477
1580.256, 903.637, 1914.373, 1722.450, 15.436
1582.212, 903.275, 1916.363, 1730.173, 15.395
1584.250, 902.826, 1918.448, 1737.892, 15.353
1586.244, 902.423, 1920.483, 1745.807, 15.311
1588.234, 902.024, 1922.512, 1753.729, 15.270
1590.190, 901.663, 1924.501, 1761.719, 15.229
1592.149, 901.297, 1926.494, 1769.776, 15.188
1594.150, 900.888, 1928.536, 1778.003, 15.146
1596.115, 900.516, 1930.536, 1786.322, 15.105
1598.081, 900.143, 1932.538, 1794.522, 15.064
1600.054, 899.764, 1934.546, 1802.940, 15.023
1602.035, 899.375, 1936.565, 1811.452, 14.982
1603.981, 899.024, 1938.542, 1819.986, 14.942
1605.895, 898.707, 1940.481, 1828.601, 14.902
1607.812, 898.387, 1942.425, 1837.297, 14.862
1609.769, 898.024, 1944.415, 1846.120, 14.821
1611.768, 897.616, 1946.455, 1855.057, 14.780
1613.765, 897.210, 1948.493, 1864.114, 14.738
1615.717, 896.853, 1950.477, 1873.248, 14.697
1617.707, 896.454, 1952.506, 1882.324, 14.656
1619.623, 896.135, 1954.449, 1891.452, 14.616
1621.597, 895.753, 1956.459, 1900.822, 14.575
1623.584, 895.359, 1958.485, 1910.343, 14.533
1625.586, 894.948, 1960.528, 1919.846, 14.492
1627.606, 894.517, 1962.594, 1929.526, 14.449
1629.599, 894.116, 1964.627, 1939.318, 14.408
1631.649, 893.654, 1966.727, 1949.197, 14.365
1633.710, 893.179, 1968.842, 1959.275, 14.321
1635.786, 892.689, 1970.975, 1969.349, 14.278
1637.797, 892.268, 1973.030, 1979.529, 14.236
1639.861, 891.791, 1975.147, 1989.563, 14.192
1641.896, 891.344, 1977.231, 1999.602, 14.150
1643.939, 890.889, 1979.324, 2009.685, 14.107
1645.977, 890.440, 1981.410, 2019.833, 14.064
1648.010, 889.996, 1983.491, 2030.020, 14.022
1650.086, 889.504, 1985.625, 2040.345, 13.978
1652.162, 889.015, 1987.757, 2050.714, 13.934
1654.189, 888.577, 1989.831, 2061.242, 13.892
1656.218, 888.137, 1991.907, 2071.850, 13.850
1658.248, 887.696, 1993.984, 2082.650, 13.807
1660.281, 887.252, 1996.065, 2093.324, 13.764
1662.317, 886.804, 1998.150, 2104.174, 13.722
1664.358, 886.351, 2000.241, 2115.244, 13.679
1666.486, 885.805, 2002.438, 2126.367, 13.634
1668.575, 885.301, 2004.587, 2137.752, 13.590
1670.626, 884.837, 2006.689, 2149.305, 13.547
1672.640, 884.413, 2008.747, 2161.086, 13.505
1674.652, 883.992, 2010.801, 2172.963, 13.463
1676.660, 883.574, 2012.853, 2184.987, 13.421
1678.667, 883.158, 2014.901, 2197.302, 13.379
1680.717, 882.695, 2017.004, 2209.605, 13.336
1682.712, 882.291, 2019.038, 2221.848, 13.294
1684.731, 881.862, 2021.102, 2234.228, 13.252
1686.807, 881.372, 2023.236, 2246.788, 13.208
1688.894, 880.870, 2025.381, 2259.502, 13.165
1690.990, 880.358, 2027.538, 2272.465, 13.120
1693.096, 879.836, 2029.708, 2285.689, 13.076
1695.164, 879.354, 2031.832, 2298.869, 13.033
1697.242, 878.862, 2033.967, 2312.159, 12.989
1699.341, 878.347, 2036.128, 2325.436, 12.945
1701.461, 877.810, 2038.314, 2338.673, 12.900
1703.600, 877.251, 2040.524, 2351.764, 12.855
1705.759, 876.673, 2042.758, 2365.082, 12.809
1707.922, 876.089, 2044.997, 2378.581, 12.763
1710.122, 875.465, 2047.282, 2392.326, 12.716
1712.245, 874.925, 2049.472, 2406.367, 12.672
1714.335, 874.419, 2051.623, 2420.863, 12.628
1716.472, 873.864, 2053.831, 2435.384, 12.582
1718.586, 873.333, 2056.010, 2450.062, 12.538
1720.756, 872.742, 2058.258, 2464.845, 12.492
1722.966, 872.109, 2060.557, 2479.781, 12.445
1725.099, 871.557, 2062.760, 2494.542, 12.400
1727.317, 870.915, 2065.069, 2509.580, 12.352
1729.442, 870.372, 2067.262, 2525.031, 12.308
1731.586, 869.809, 2069.479, 2540.802, 12.262
1733.680, 869.299, 2071.633, 2556.965, 12.218
1735.816, 868.744, 2073.840, 2573.351, 12.173
1737.945, 868.197, 2076.038, 2589.910, 12.128
1740.065, 867.660, 2078.225, 2606.514, 12.083
1742.140, 867.171, 2080.357, 2623.148, 12.040
1744.215, 866.681, 2082.488, 2639.797, 11.996
1746.349, 866.130, 2084.692, 2656.395, 11.951
1748.471, 865.590, 2086.882, 2673.222, 11.906
1750.647, 864.993, 2089.138, 2690.379, 11.860
1752.745, 864.478, 2091.298, 2707.979, 11.816
1754.858, 863.948, 2093.477, 2725.831, 11.771
1756.982, 863.407, 2095.669, 2743.823, 11.726
1759.113, 862.857, 2097.869, 2762.060, 11.681
1761.262, 862.290, 2100.091, 2780.364, 11.636
1763.471, 861.657, 2102.389, 2798.714, 11.589
1765.657, 861.049, 2104.658, 2817.120, 11.542
1767.898, 860.382, 2106.996, 2835.706, 11.494
1770.109, 859.747, 2109.296, 2854.524, 11.447
1772.287, 859.147, 2111.555, 2873.597, 11.401
1774.428, 858.588, 2113.767, 2893.107, 11.356
1776.654, 857.936, 2116.087, 2912.953, 11.308
1778.929, 857.233, 2118.468, 2932.960, 11.260
1781.169, 856.568, 2120.803, 2953.333, 11.212
1783.498, 855.807, 2123.252, 2973.541, 11.162
1785.717, 855.163, 2125.563, 2993.790, 11.115
1787.905, 854.553, 2127.833, 3014.170, 11.068
1790.183, 853.846, 2130.219, 3034.976, 11.019
1792.387, 853.219, 2132.510, 3055.799, 10.972
1794.625, 852.555, 2134.845, 3076.883, 10.925
1796.876, 851.936, 2137.179, 3098.424, 10.877
1799.205, 851.270, 2139.601, 3120.248, 10.827
1801.518, 850.638, 2141.998, 3142.333, 10.778
1803.789, 850.049, 2144.344, 3164.695, 10.730
1806.042, 849.461, 2146.672, 3186.880, 10.683
1808.272, 848.804, 2148.996, 3208.976, 10.635
1810.434, 848.135, 2151.260, 3231.301, 10.589
1812.535, 847.454, 2153.468, 3254.006, 10.544
1814.511, 846.837, 2155.538, 3277.026, 10.501
1816.367, 846.287, 2157.474, 3300.428, 10.462
1818.189, 845.720, 2159.382, 3324.153, 10.423
1819.994, 845.123, 2161.283, 3348.410, 10.384
1821.708, 844.586, 2163.079, 3373.334, 10.347
1823.381, 844.061, 2164.833, 3398.566, 10.311
1825.034, 843.536, 2166.566, 3423.673, 10.276
1826.635, 843.049, 2168.240, 3448.684, 10.241
1828.271, 842.518, 2169.960, 3474.231, 10.206
1829.831, 842.068, 2171.584, 3500.424, 10.173
1831.447, 841.566, 2173.276, 3527.256, 10.138
1833.089, 841.052, 2174.996, 3554.665, 10.103
1834.808, 840.479, 2176.807, 3582.649, 10.066
1836.527, 839.936, 2178.610, 3611.125, 10.029
1838.250, 839.427, 2180.407, 3640.046, 9.992
1840.062, 838.870, 2182.302, 3669.155, 9.954
1841.851, 838.392, 2184.153, 3698.479, 9.916
1843.761, 837.845, 2186.139, 3727.710, 9.875
1845.810, 837.220, 2188.281, 3757.336, 9.831
1847.919, 836.608, 2190.477, 3787.104, 9.786
1850.139, 835.962, 2192.789, 3817.655, 9.739
1852.439, 835.323, 2195.176, 3848.873, 9.690
1854.813, 834.623, 2197.652, 3880.338, 9.639
1857.206, 833.907, 2200.149, 3912.057, 9.588
1859.603, 833.167, 2202.657, 3943.974, 9.537
1861.992, 832.400, 2205.166, 3975.917, 9.486
1864.392, 831.563, 2207.705, 4008.238, 9.434
1866.698, 830.827, 2210.125, 4040.322, 9.384
1868.984, 830.112, 2212.521, 4072.706, 9.335
1871.276, 829.390, 2214.924, 4105.412, 9.286
1873.614, 828.619, 2217.385, 4138.299, 9.236
1875.957, 827.843, 2219.853, 4171.987, 9.185
1878.263, 827.107, 2222.273, 4206.055, 9.136
1880.571, 826.368, 2224.697, 4240.031, 9.086
1882.875, 825.634, 2227.114, 4273.843, 9.037
1885.178, 824.901, 2229.531, 4307.704, 8.987
1887.486, 824.162, 2231.955, 4341.712, 8.937
1889.806, 823.411, 2234.393, 4375.920, 8.888
1892.094, 822.694, 2236.791, 4410.279, 8.839
1894.437, 821.918, 2239.259, 4444.725, 8.788
1896.792, 821.128, 2241.743, 4479.077, 8.737
1899.118, 820.370, 2244.189, 4514.098, 8.687
1901.453, 819.603, 2246.646, 4549.234, 8.637
1903.822, 818.799, 2249.148, 4584.165, 8.586
1906.148, 818.040, 2251.595, 4618.629, 8.536
1908.472, 817.286, 2254.038, 4652.416, 8.486
1910.830, 816.493, 2256.526, 4686.039, 8.435
1913.194, 815.694, 2259.021, 4718.854, 8.384
1915.557, 814.897, 2261.515, 4750.887, 8.333
1917.875, 814.147, 2263.952, 4782.142, 8.283
1920.202, 813.388, 2266.399, 4812.165, 8.233
1922.576, 812.580, 2268.906, 4841.282, 8.181
1924.906, 811.817, 2271.358, 4869.223, 8.131
1927.232, 811.059, 2273.805, 4895.425, 8.081
1929.558, 810.301, 2276.251, 4919.475, 8.031
1931.888, 809.539, 2278.703, 4941.122, 7.981
1934.180, 808.817, 2281.105, 4959.996, 7.932
1936.552, 808.010, 2283.611, 4975.980, 7.880
1938.930, 807.197, 2286.123, 4988.207, 7.829
1941.235, 806.461, 2288.543, 4996.364, 7.780
1943.588, 805.675, 2291.024, 5000.000, 7.729
1945.898, 804.934, 2293.449, 5000.000, 7.679
1948.250, 804.148, 2295.929, 5000.000, 7.628
1950.567, 803.400, 2298.364, 5000.000, 7.579
1952.920, 802.612, 2300.846, 5000.000, 7.528
1955.329, 801.821, 2303.382, 5000.000, 7.476
1957.775, 801.024, 2305.954, 5000.000, 7.423
1960.241, 800.221, 2308.547, 5000.000, 7.370
1962.712, 799.411, 2311.148, 5000.000, 7.317
1965.182, 798.530, 2313.770, 5000.000, 7.263
1967.487, 797.759, 2316.200, 5000.000, 7.214
1969.766, 796.954, 2318.616, 5000.000, 7.164
1971.950, 796.196, 2320.929, 5000.000, 7.117
1974.072, 795.456, 2323.175, 5000.000, 7.071
1976.175, 794.692, 2325.412, 5000.000, 7.025
1978.155, 794.021, 2327.503, 5000.000, 6.982
1980.106, 793.351, 2329.566, 5000.000, 6.940
1982.104, 792.603, 2331.699, 5000.000, 6.896
1984.020, 791.924, 2333.731, 5000.000, 6.855
1985.945, 791.220, 2335.780, 5000.000, 6.813
1987.858, 790.520, 2337.817, 5000.000, 6.771
1989.723, 789.869, 2339.792, 5000.000, 6.731
1991.584, 789.225, 2341.762, 5000.000, 6.691
1993.454, 788.580, 2343.739, 5000.000, 6.650
1995.342, 787.930, 2345.737, 5000.000, 6.609
1997.261, 787.268, 2347.766, 5000.000, 6.568
1999.220, 786.588, 2349.840, 5000.000, 6.525
2001.184, 785.935, 2351.909, 5000.000, 6.483
2003.196, 785.269, 2354.029, 5000.000, 6.440
2005.315, 784.532, 2356.272, 5000.000, 6.394
2007.469, 783.806, 2358.545, 5000.000, 6.347
2009.703, 783.050, 2360.903, 5000.000, 6.299
2012.026, 782.258, 2363.358, 5000.000, 6.249
2014.450, 781.427, 2365.920, 5000.000, 6.196
2016.936, 780.601, 2368.540, 5000.000, 6.143
2019.442, 779.755, 2371.185, 5000.000, 6.088
2021.951, 778.891, 2373.839, 5000.000, 6.034
2024.445, 778.008, 2376.484, 5000.000, 5.980
2026.903, 777.108, 2379.101, 5000.000, 5.926
2029.330, 776.242, 2381.677, 5000.000, 5.874
2031.760, 775.373, 2384.258, 5000.000, 5.821
2034.209, 774.484, 2386.863, 5000.000, 5.768
2036.712, 773.536, 2389.539, 5000.000, 5.713
2039.178, 772.628, 2392.167, 5000.000, 5.659
2041.609, 771.758, 2394.748, 5000.000, 5.606
2044.099, 770.825, 2397.407, 5000.000, 5.552
2046.617, 769.861, 2400.102, 5000.000, 5.497
2049.104, 768.931, 2402.757, 5000.000, 5.442
2051.615, 767.975, 2405.444, 5000.000, 5.387
2054.071, 767.078, 2408.058, 5000.000, 5.334
2056.553, 766.153, 2410.707, 5000.000, 5.280
2059.016, 765.248, 2413.331, 5000.000, 5.226
2061.462, 764.362, 2415.933, 5000.000, 5.173
2063.893, 763.491, 2418.515, 5000.000, 5.120
2066.311, 762.636, 2421.079, 5000.000, 5.067
2068.716, 761.792, 2423.628, 5000.000, 5.015
2071.078, 760.996, 2426.120, 5000.000, 4.964
2073.478, 760.159, 2428.662, 5000.000, 4.912
2075.872, 759.329, 2431.194, 5000.000, 4.860
2078.259, 758.505, 2433.720, 5000.000, 4.809
2080.677, 757.649, 2436.285, 5000.000, 4.756
2083.047, 756.844, 2438.787, 5000.000, 4.705
2085.417, 756.038, 2441.291, 5000.000, 4.654
2087.757, 755.266, 2443.753, 5000.000, 4.603
2090.147, 754.440, 2446.283, 5000.000, 4.552
2092.543, 753.607, 2448.819, 5000.000, 4.500
2094.946, 752.767, 2451.365, 5000.000, 4.448
2097.358, 751.917, 2453.922, 5000.000, 4.395
2099.781, 751.055, 2456.493, 5000.000, 4.343
2102.168, 750.231, 2459.019, 5000.000, 4.291
2104.604, 749.356, 2461.607, 5000.000, 4.238
2107.055, 748.465, 2464.215, 5000.000, 4.185
2109.475, 747.606, 2466.783, 5000.000, 4.132
2111.900, 746.742, 2469.357, 5000.000, 4.080
2114.377, 745.822, 2472.000, 5000.000, 4.025
2116.876, 744.879, 2474.670, 5000.000, 3.971
2119.397, 743.913, 2477.370, 5000.000, 3.916
2121.895, 742.971, 2480.039, 5000.000, 3.861
2124.322, 742.104, 2482.617, 5000.000, 3.808
2126.843, 741.138, 2485.315, 5000.000, 3.753
2129.327, 740.211, 2487.967, 5000.000, 3.699
2131.810, 739.285, 2490.617, 5000.000, 3.645
2134.290, 738.362, 2493.264, 5000.000, 3.590
2136.769, 737.440, 2495.909, 5000.000, 3.536
2139.247, 736.520, 2498.551, 5000.000, 3.482
2141.722, 735.602, 2501.191, 5000.000, 3.428
2144.243, 734.636, 2503.891, 5000.000, 3.373
2146.729, 733.706, 2506.545, 5000.000, 3.319
2149.249, 732.741, 2509.243, 5000.000, 3.263
2151.755, 731.791, 2511.923, 5000.000, 3.209
2154.166, 730.941, 2514.479, 5000.000, 3.156
2156.646, 730.019, 2517.125, 5000.000, 3.102
2159.113, 729.110, 2519.754, 5000.000, 3.048
2161.582, 728.199, 2522.386, 5000.000, 2.994
2164.020, 727.322, 2524.977, 5000.000, 2.941
2166.460, 726.441, 2527.571, 5000.000, 2.888
2168.903, 725.558, 2530.168, 5000.000, 2.835
2171.383, 724.636, 2532.814, 5000.000, 2.781
2173.852, 723.724, 2535.447, 5000.000, 2.727
2176.313, 722.822, 2538.068, 5000.000, 2.674
2178.766, 721.928, 2540.678, 5000.000, 2.620
2181.211, 721.042, 2543.279, 5000.000, 2.567
2183.685, 720.127, 2545.916, 5000.000, 2.513
2186.106, 719.267, 2548.486, 5000.000, 2.460
2188.523, 718.411, 2551.050, 5000.000, 2.408
2190.904, 717.595, 2553.567, 5000.000, 2.356
2193.330, 716.730, 2556.142, 5000.000, 2.304
2195.754, 715.867, 2558.714, 5000.000, 2.251
2198.258, 714.918, 2561.393, 5000.000, 2.196
2200.683, 714.055, 2563.967, 5000.000, 2.144
2203.111, 713.188, 2566.544, 5000.000, 2.091
2205.542, 712.318, 2569.126, 5000.000, 2.038
2207.977, 711.442, 2571.714, 5000.000, 1.985
2210.418, 710.561, 2574.309, 5000.000, 1.932
2212.866, 709.674, 2576.913, 5000.000, 1.879
2215.320, 708.778, 2579.525, 5000.000, 1.825
2217.783, 707.874, 2582.149, 5000.000, 1.772
2220.254, 706.960, 2584.784, 5000.000, 1.718
2222.688, 706.087, 2587.370, 5000.000, 1.665
2225.119, 705.217, 2589.951, 5000.000, 1.612
2227.627, 704.264, 2592.634, 5000.000, 1.557
2230.052, 703.400, 2595.208, 5000.000, 1.504
2232.475, 702.538, 2597.780, 5000.000, 1.452
2234.944, 701.627, 2600.412, 5000.000, 1.398
2237.391, 700.739, 2603.015, 5000.000, 1.345
2239.899, 699.787, 2605.697, 5000.000, 1.290
2242.420, 698.820, 2608.397, 5000.000, 1.234
2244.908, 697.889, 2611.054, 5000.000, 1.180
2247.397, 696.957, 2613.711, 5000.000, 1.126
2249.887, 696.023, 2616.370, 5000.000, 1.071
2252.378, 695.089, 2619.031, 5000.000, 1.017
2254.869, 694.154, 2621.692, 5000.000, 0.962
2257.314, 693.269, 2624.292, 5000.000, 0.909
2259.793, 692.347, 2626.937, 5000.000, 0.855
2262.306, 691.389, 2629.626, 5000.000, 0.800
2264.820, 690.430, 2632.317, 5000.000, 0.745
2267.336, 689.469, 2635.010, 5000.000, 0.690
2269.807, 688.556, 2637.644, 5000.000, 0.636
2272.267, 687.654, 2640.264, 5000.000, 0.582
2274.750, 686.728, 2642.914, 5000.000, 0.528
2277.224, 685.812, 2645.552, 5000.000, 0.474
2279.688, 684.906, 2648.178, 5000.000, 0.420
2282.144, 684.009, 2650.793, 5000.000, 0.367
2284.594, 683.119, 2653.398, 5000.000, 0.314
2287.036, 682.236, 2655.996, 5000.000, 0.260
2289.474, 681.359, 2658.586, 5000.000, 0.207
2291.907, 680.487, 2661.170, 5000.000, 0.155
2294.336, 679.618, 2663.750, 5000.000, 0.102
2296.762, 678.753, 2666.326, 5000.000, 0.049
2299.187, 677.889, 2668.900, 5000.000, 0.000
2301.564, 677.077, 2671.411, 5000.000, 0.000
2303.973, 676.230, 2673.965, 5000.000, 0.000
2306.383, 675.383, 2676.519, 5000.000, 0.000
2308.793, 674.535, 2679.074, 5000.000, 0.000
2311.253, 673.634, 2681.693, 5000.000, 0.000
2313.682, 672.765, 2684.273, 5000.000, 0.000
2316.116, 671.892, 2686.859, 5000.000, 0.000
2318.555, 671.013, 2689.452, 5000.000, 0.000
2321.000, 670.127, 2692.053, 5000.000, 0.000
2323.453, 669.233, 2694.663, 5000.000, 0.000
2325.914, 668.331, 2697.284, 5000.000, 0.000
2328.384, 667.419, 2699.917, 5000.000, 0.000
2330.863, 666.497, 2702.562, 5000.000, 0.000
2333.354, 665.563, 2705.222, 5000.000, 0.000
2335.809, 664.667, 2707.835, 5000.000, 0.000
2338.309, 663.723, 2710.508, 5000.000, 0.000
2340.775, 662.815, 2713.135, 5000.000, 0.000
2343.348, 661.847, 2715.885, 5000.000, 0.000
2345.926, 660.909, 2718.628, 5000.000, 0.000
2348.522, 659.967, 2721.389, 5000.000, 0.000
2351.116, 659.026, 2724.149, 5000.000, 0.000
2353.696, 658.026, 2726.916, 5000.000, 0.000
2356.177, 657.067, 2729.575, 5000.000, 0.000
2358.627, 656.133, 2732.197, 5000.000, 0.000
2361.033, 655.227, 2734.768, 5000.000, 0.000
2363.382, 654.349, 2737.275, 5000.000, 0.000
2365.661, 653.500, 2739.708, 5000.000, 0.000
2367.801, 652.689, 2741.996, 5000.000, 0.000
2369.782, 651.950, 2744.111, 5000.000, 0.000
2371.700, 651.192, 2746.173, 5000.000, 0.000
2373.521, 650.462, 2748.135, 5000.000, 0.000
2375.262, 649.754, 2750.014, 5000.000, 0.000
2376.935, 649.066, 2751.823, 5000.000, 0.000
2378.591, 648.356, 2753.624, 5000.000, 0.000
2380.197, 647.671, 2755.371, 5000.000, 0.000
2381.770, 647.004, 2757.079, 5000.000, 0.000
2383.358, 646.314, 2758.810, 5000.000, 0.000
2384.994, 645.638, 2760.581, 5000.000, 0.000
2386.672, 644.971, 2762.386, 5000.000, 0.000
2388.386, 644.311, 2764.222, 5000.000, 0.000
2390.132, 643.655, 2766.086, 5000.000, 0.000
2391.909, 642.999, 2767.980, 5000.000, 0.000
2393.756, 642.240, 2769.977, 5000.000, 0.000
2395.558, 641.520, 2771.917, 5000.000, 0.000
2397.405, 640.819, 2773.892, 5000.000, 0.000
2399.302, 640.131, 2775.909, 5000.000, 0.000
2401.254, 639.448, 2777.975, 5000.000, 0.000
2403.184, 638.778, 2780.016, 5000.000, 0.000
2405.075, 638.119, 2782.017, 5000.000, 0.000
2406.881, 637.439, 2783.946, 5000.000, 0.000
2408.596, 636.748, 2785.795, 5000.000, 0.000
2410.136, 636.209, 2787.427, 5000.000, 0.000
2411.679, 635.654, 2789.067, 5000.000, 0.000
2413.157, 635.103, 2790.644, 5000.000, 0.000
2414.525, 634.598, 2792.102, 5000.000, 0.000
2415.786, 634.135, 2793.445, 5000.000, 0.000
2416.942, 633.706, 2794.678, 5000.000, 0.000
2418.078, 633.292, 2795.887, 5000.000, 0.000
2419.326, 632.818, 2797.223, 5000.000, 0.000
2420.608, 632.367, 2798.582, 5000.000, 0.000
2421.960, 631.896, 2800.013, 5000.000, 0.000
2423.387, 631.396, 2801.525, 5000.000, 0.000
2424.833, 630.874, 2803.062, 5000.000, 0.000
2426.315, 630.331, 2804.641, 5000.000, 0.000
2427.884, 629.734, 2806.320, 5000.000, 0.000
2429.525, 629.122, 2808.070, 5000.000, 0.000
2431.219, 628.534, 2809.864, 5000.000, 0.000
2432.945, 627.934, 2811.691, 5000.000, 0.000
2434.705, 627.316, 2813.556, 5000.000, 0.000
2436.468, 626.709, 2815.420, 5000.000, 0.000
2438.314, 626.019, 2817.391, 5000.000, 0.000
2440.195, 625.290, 2819.408, 5000.000, 0.000
2442.019, 624.693, 2821.326, 5000.000, 0.000
2443.988, 624.024, 2823.406, 5000.000, 0.000
2445.987, 623.340, 2825.518, 5000.000, 0.000
2448.006, 622.639, 2827.656, 5000.000, 0.000
2450.038, 621.915, 2829.813, 5000.000, 0.000
2452.072, 621.168, 2831.979, 5000.000, 0.000
2454.095, 620.394, 2834.144, 5000.000, 0.000
2456.134, 619.629, 2836.321, 5000.000, 0.000
2458.185, 618.883, 2838.504, 5000.000, 0.000
2460.340, 618.064, 2840.809, 5000.000, 0.000
2462.526, 617.254, 2843.140, 5000.000, 0.000
2464.740, 616.464, 2845.491, 5000.000, 0.000
2466.990, 615.691, 2847.869, 5000.000, 0.000
2469.364, 614.846, 2850.390, 5000.000, 0.000
2471.824, 613.975, 2852.999, 5000.000, 0.000
2474.378, 613.077, 2855.706, 5000.000, 0.000
2476.948, 612.162, 2858.434, 5000.000, 0.000
2479.516, 611.234, 2861.166, 5000.000, 0.000
2482.099, 610.257, 2863.926, 5000.000, 0.000
2484.690, 609.273, 2866.697, 5000.000, 0.000
2487.331, 608.274, 2869.521, 5000.000, 0.000
2489.955, 607.309, 2872.317, 5000.000, 0.000
2492.530, 606.394, 2875.050, 5000.000, 0.000
2495.073, 605.495, 2877.747, 5000.000, 0.000
2497.574, 604.549, 2880.420, 5000.000, 0.000
2499.947, 603.654, 2882.956, 5000.000, 0.000
2502.204, 602.806, 2885.367, 5000.000, 0.000
2504.438, 601.913, 2887.772, 5000.000, 0.000
2506.532, 601.108, 2890.016, 5000.000, 0.000
2508.498, 600.386, 2892.110, 5000.000, 0.000
2510.443, 599.640, 2894.193, 5000.000, 0.000
2512.296, 598.953, 2896.170, 5000.000, 0.000
2514.104, 598.285, 2898.097, 5000.000, 0.000
2515.911, 597.594, 2900.031, 5000.000, 0.000
2517.647, 596.963, 2901.878, 5000.000, 0.000
2519.405, 596.302, 2903.757, 5000.000, 0.000
2521.116, 595.691, 2905.573, 5000.000, 0.000
2522.803, 595.112, 2907.357, 5000.000, 0.000
2524.594, 594.439, 2909.269, 5000.000, 0.000
2526.404, 593.767, 2911.200, 5000.000, 0.000
2528.246, 593.093, 2913.161, 5000.000, 0.000
2530.192, 592.400, 2915.227, 5000.000, 0.000
2532.281, 591.636, 2917.451, 5000.000, 0.000
2534.421, 590.887, 2919.719, 5000.000, 0.000
2536.640, 590.113, 2922.068, 5000.000, 0.000
2538.938, 589.252, 2924.523, 5000.000, 0.000
2541.241, 588.396, 2926.979, 5000.000, 0.000
2543.568, 587.539, 2929.459, 5000.000, 0.000
2545.893, 586.722, 2931.923, 5000.000, 0.000
2548.214, 585.878, 2934.393, 5000.000, 0.000
2550.443, 585.090, 2936.757, 5000.000, 0.000
2552.620, 584.305, 2939.071, 5000.000, 0.000
2554.794, 583.509, 2941.386, 5000.000, 0.000
2556.931, 582.703, 2943.669, 5000.000, 0.000
2558.987, 581.977, 2945.850, 5000.000, 0.000
2561.022, 581.259, 2948.009, 5000.000, 0.000
2563.034, 580.485, 2950.163, 5000.000, 0.000
2564.896, 579.800, 2952.148, 5000.000, 0.000
2566.660, 579.163, 2954.023, 5000.000, 0.000
2568.390, 578.516, 2955.870, 5000.000, 0.000
2570.070, 577.888, 2957.663, 5000.000, 0.000
2571.716, 577.273, 2959.420, 5000.000, 0.000
2573.312, 576.700, 2961.117, 5000.000, 0.000
2574.876, 576.161, 2962.770, 5000.000, 0.000
2576.537, 575.530, 2964.547, 5000.000, 0.000
2578.151, 574.972, 2966.254, 5000.000, 0.000
2579.862, 574.345, 2968.077, 5000.000, 0.000
2581.735, 573.592, 2970.095, 5000.000, 0.000
2583.611, 572.893, 2972.097, 5000.000, 0.000
2585.575, 572.169, 2974.190, 5000.000, 0.000
2587.643, 571.415, 2976.391, 5000.000, 0.000
2589.712, 570.676, 2978.588, 5000.000, 0.000
2591.855, 569.864, 2980.879, 5000.000, 0.000
2594.011, 569.029, 2983.191, 5000.000, 0.000
2596.168, 568.169, 2985.513, 5000.000, 0.000
2598.269, 567.407, 2987.748, 5000.000, 0.000
2600.437, 566.617, 2990.055, 5000.000, 0.000
2602.713, 565.761, 2992.487, 5000.000, 0.000
2605.058, 564.886, 2994.990, 5000.000, 0.000
2607.467, 564.003, 2997.555, 5000.000, 0.000
2609.981, 563.074, 3000.236, 5000.000, 0.000
2612.543, 562.167, 3002.953, 5000.000, 0.000
2615.193, 561.241, 3005.759, 5000.000, 0.000
2617.886, 560.298, 3008.613, 5000.000, 0.000
2620.580, 559.341, 3011.471, 5000.000, 0.000
2621.776, 558.893, 3012.748, 5000.000, 0.000
2624.153, 557.998, 3015.288, 5000.000, 0.000
2626.511, 557.105, 3017.810, 5000.000, 0.000
2628.851, 556.214, 3020.313, 5000.000, 0.000
2631.172, 555.325, 3022.799, 5000.000, 0.000
2633.475, 554.438, 3025.266, 5000.000, 0.000
2635.758, 553.553, 3027.715, 5000.000, 0.000
2638.023, 552.669, 3030.147, 5000.000, 0.000
2640.270, 551.788, 3032.560, 5000.000, 0.000
2642.498, 550.908, 3034.955, 5000.000, 0.000
2644.707, 550.030, 3037.332, 5000.000, 0.000
2646.897, 549.154, 3039.691, 5000.000, 0.000
2649.069, 548.280, 3042.032, 5000.000, 0.000
2651.222, 547.408, 3044.355, 5000.000, 0.000
2653.357, 546.537, 3046.660, 5000.000, 0.000
